"dataset","configuration","seed","calibration","nonempty_bin_index","mean_confidence","observed_accuracy","sample_fraction"
"NPD-Rice-COCO-43","flat","2026","raw","0","0.3770001968956629","1.0","0.00010714668381013607"
"NPD-Rice-COCO-43","flat","2026","raw","1","0.5266141137543122","0.6666666666666666","0.0003214400514304082"
"NPD-Rice-COCO-43","flat","2026","raw","2","0.5659408916325748","0.5","0.0010714668381013607"
"NPD-Rice-COCO-43","flat","2026","raw","3","0.6255488499283894","0.5","0.0010714668381013607"
"NPD-Rice-COCO-43","flat","2026","raw","4","0.7006266543339769","0.625","0.0008571734704810886"
"NPD-Rice-COCO-43","flat","2026","raw","5","0.7623530254282473","0.8","0.0005357334190506804"
"NPD-Rice-COCO-43","flat","2026","raw","6","0.8386723904653056","0.56","0.002678667095253402"
"NPD-Rice-COCO-43","flat","2026","raw","7","0.9079914462324674","0.8333333333333334","0.0025715204114432656"
"NPD-Rice-COCO-43","flat","2026","raw","8","0.9996990054506889","0.9971882772791175","0.9907853851923283"
"NPD-Rice-COCO-43","flat","2026","temperature_scaled","0","0.35737452859272206","1.0","0.00010714668381013607"
"NPD-Rice-COCO-43","flat","2026","temperature_scaled","1","0.45273559279331355","1.0","0.00021429336762027214"
"NPD-Rice-COCO-43","flat","2026","temperature_scaled","2","0.49926183998328844","0.3","0.0010714668381013607"
"NPD-Rice-COCO-43","flat","2026","temperature_scaled","3","0.557947298089368","0.6428571428571429","0.001500053573341905"
"NPD-Rice-COCO-43","flat","2026","temperature_scaled","4","0.6320903873827042","0.6363636363636364","0.0011786135219114969"
"NPD-Rice-COCO-43","flat","2026","temperature_scaled","5","0.7031938864897365","0.6086956521739131","0.0024643737276331297"
"NPD-Rice-COCO-43","flat","2026","temperature_scaled","6","0.7729949705576544","0.8235294117647058","0.0018214936247723133"
"NPD-Rice-COCO-43","flat","2026","temperature_scaled","7","0.8314144039275","0.8709677419354839","0.0033215471981142184"
"NPD-Rice-COCO-43","flat","2026","temperature_scaled","8","0.9018919287152763","0.9180327868852459","0.006535947712418301"
"NPD-Rice-COCO-43","flat","2026","temperature_scaled","9","0.9992820570861214","0.9979264433045946","0.9817850637522769"
"NPD-Rice-COCO-43","flat","2027","raw","0","0.4206897298793871","0.0","0.00010714668381013607"
"NPD-Rice-COCO-43","flat","2027","raw","1","0.5233387359528506","0.6666666666666666","0.0003214400514304082"
"NPD-Rice-COCO-43","flat","2027","raw","2","0.5817654840035009","1.0","0.0007500267866709525"
"NPD-Rice-COCO-43","flat","2027","raw","3","0.6359573087440883","0.5","0.0006428801028608164"
"NPD-Rice-COCO-43","flat","2027","raw","4","0.6889972289193541","0.5714285714285714","0.0007500267866709525"
"NPD-Rice-COCO-43","flat","2027","raw","5","0.7627134894092688","0.5555555555555556","0.0009643201542912247"
"NPD-Rice-COCO-43","flat","2027","raw","6","0.8355698630877474","0.8823529411764706","0.0018214936247723133"
"NPD-Rice-COCO-43","flat","2027","raw","7","0.9035120362276055","0.7272727272727273","0.0011786135219114969"
"NPD-Rice-COCO-43","flat","2027","raw","8","0.9997352266611811","0.9962251941328731","0.9934640522875817"
"NPD-Rice-COCO-43","flat","2027","temperature_scaled","0","0.36859836692387143","0.0","0.00010714668381013607"
"NPD-Rice-COCO-43","flat","2027","temperature_scaled","1","0.4662387603507242","1.0","0.00021429336762027214"
"NPD-Rice-COCO-43","flat","2027","temperature_scaled","2","0.5064401086416414","0.7272727272727273","0.0011786135219114969"
"NPD-Rice-COCO-43","flat","2027","temperature_scaled","3","0.5593996364041749","0.5","0.0008571734704810886"
"NPD-Rice-COCO-43","flat","2027","temperature_scaled","4","0.6273277554167879","0.6923076923076923","0.001392906889531769"
"NPD-Rice-COCO-43","flat","2027","temperature_scaled","5","0.6933268522882822","0.8","0.0016072002571520412"
"NPD-Rice-COCO-43","flat","2027","temperature_scaled","6","0.7624007963399843","0.8333333333333334","0.0012857602057216328"
"NPD-Rice-COCO-43","flat","2027","temperature_scaled","7","0.8361298341949155","0.75","0.00300010714668381"
"NPD-Rice-COCO-43","flat","2027","temperature_scaled","8","0.9048540943919771","0.8148148148148148","0.0057859209257473485"
"NPD-Rice-COCO-43","flat","2027","temperature_scaled","9","0.9992673642709454","0.9980411361410382","0.9845708775313404"
"NPD-Rice-COCO-43","flat","2028","raw","0","0.39526604602521287","1.0","0.00010714668381013607"
"NPD-Rice-COCO-43","flat","2028","raw","1","0.42525327430038234","0.0","0.00021429336762027214"
"NPD-Rice-COCO-43","flat","2028","raw","2","0.5137421226729223","0.5714285714285714","0.0007500267866709525"
"NPD-Rice-COCO-43","flat","2028","raw","3","0.5700985228352831","0.8","0.0005357334190506804"
"NPD-Rice-COCO-43","flat","2028","raw","4","0.6466386106807789","0.625","0.0008571734704810886"
"NPD-Rice-COCO-43","flat","2028","raw","5","0.704861176110715","0.8","0.0005357334190506804"
"NPD-Rice-COCO-43","flat","2028","raw","6","0.7745624777550884","0.6","0.0010714668381013607"
"NPD-Rice-COCO-43","flat","2028","raw","7","0.8335763234989102","0.5625","0.0017143469409621772"
"NPD-Rice-COCO-43","flat","2028","raw","8","0.8997342824569058","0.8888888888888888","0.0019286403085824494"
"NPD-Rice-COCO-43","flat","2028","raw","9","0.9996761319158272","0.9969765684051398","0.9922854387656702"
"NPD-Rice-COCO-43","flat","2028","temperature_scaled","0","0.3602345771001929","0.3333333333333333","0.0003214400514304082"
"NPD-Rice-COCO-43","flat","2028","temperature_scaled","1","0.465209399966138","1.0","0.00010714668381013607"
"NPD-Rice-COCO-43","flat","2028","temperature_scaled","2","0.4952761367017251","0.6666666666666666","0.0012857602057216328"
"NPD-Rice-COCO-43","flat","2028","temperature_scaled","3","0.5672274412820643","0.7","0.0010714668381013607"
"NPD-Rice-COCO-43","flat","2028","temperature_scaled","4","0.6405630921669739","0.5","0.0012857602057216328"
"NPD-Rice-COCO-43","flat","2028","temperature_scaled","5","0.7004927846565411","0.7222222222222222","0.0019286403085824494"
"NPD-Rice-COCO-43","flat","2028","temperature_scaled","6","0.7718836343364922","0.7857142857142857","0.001500053573341905"
"NPD-Rice-COCO-43","flat","2028","temperature_scaled","7","0.8396473715448244","0.7931034482758621","0.003107253830493946"
"NPD-Rice-COCO-43","flat","2028","temperature_scaled","8","0.9041515429302469","0.8636363636363636","0.007071681131468981"
"NPD-Rice-COCO-43","flat","2028","temperature_scaled","9","0.9993757516191103","0.9985820244328097","0.9823207971713276"
"NPD-Rice-COCO-43","flat","2029","raw","0","0.5161278338797896","0.4","0.0005357334190506804"
"NPD-Rice-COCO-43","flat","2029","raw","1","0.5681740970379733","0.6363636363636364","0.0011786135219114969"
"NPD-Rice-COCO-43","flat","2029","raw","2","0.6285191152615152","0.8333333333333334","0.0006428801028608164"
"NPD-Rice-COCO-43","flat","2029","raw","3","0.7100008363820612","0.3333333333333333","0.0006428801028608164"
"NPD-Rice-COCO-43","flat","2029","raw","4","0.7590517383014381","1.0","0.0005357334190506804"
"NPD-Rice-COCO-43","flat","2029","raw","5","0.8420272137330088","0.7272727272727273","0.0011786135219114969"
"NPD-Rice-COCO-43","flat","2029","raw","6","0.9033053403219679","0.75","0.0025715204114432656"
"NPD-Rice-COCO-43","flat","2029","raw","7","0.9996861172477466","0.9970858067997841","0.9927140255009107"
"NPD-Rice-COCO-43","flat","2029","temperature_scaled","0","0.3954512790425857","0.0","0.00010714668381013607"
"NPD-Rice-COCO-43","flat","2029","temperature_scaled","1","0.44168818762063156","0.3333333333333333","0.0003214400514304082"
"NPD-Rice-COCO-43","flat","2029","temperature_scaled","2","0.5062873318228833","0.6","0.0010714668381013607"
"NPD-Rice-COCO-43","flat","2029","temperature_scaled","3","0.5549716228895175","0.7142857142857143","0.001500053573341905"
"NPD-Rice-COCO-43","flat","2029","temperature_scaled","4","0.6361252004159391","0.875","0.0008571734704810886"
"NPD-Rice-COCO-43","flat","2029","temperature_scaled","5","0.7088442060639415","0.75","0.0012857602057216328"
"NPD-Rice-COCO-43","flat","2029","temperature_scaled","6","0.7699297786023964","0.6666666666666666","0.0028929604628736743"
"NPD-Rice-COCO-43","flat","2029","temperature_scaled","7","0.8368536940807564","0.8285714285714286","0.0037501339333547625"
"NPD-Rice-COCO-43","flat","2029","temperature_scaled","8","0.9067813513533631","0.9117647058823529","0.007285974499089253"
"NPD-Rice-COCO-43","flat","2029","temperature_scaled","9","0.999137051000741","0.9986892408519934","0.9809278902817958"
"NPD-Rice-COCO-43","flat","2030","raw","0","0.3758064550543001","0.0","0.00010714668381013607"
"NPD-Rice-COCO-43","flat","2030","raw","1","0.4122207081991788","0.0","0.00010714668381013607"
"NPD-Rice-COCO-43","flat","2030","raw","2","0.5008959941345378","0.6363636363636364","0.0011786135219114969"
"NPD-Rice-COCO-43","flat","2030","raw","3","0.5598733480195237","0.5","0.0004285867352405443"
"NPD-Rice-COCO-43","flat","2030","raw","4","0.6308432858392543","0.7777777777777778","0.0009643201542912247"
"NPD-Rice-COCO-43","flat","2030","raw","5","0.6991826799870329","0.75","0.0012857602057216328"
"NPD-Rice-COCO-43","flat","2030","raw","6","0.7724661797494585","0.6470588235294118","0.0018214936247723133"
"NPD-Rice-COCO-43","flat","2030","raw","7","0.8382514742760534","0.8571428571428571","0.001500053573341905"
"NPD-Rice-COCO-43","flat","2030","raw","8","0.9068698498147414","0.7027027027027027","0.003964427300975035"
"NPD-Rice-COCO-43","flat","2030","raw","9","0.9995833398822929","0.9968570499620678","0.9886424515161256"
"NPD-Rice-COCO-43","flat","2030","temperature_scaled","0","0.3717127309090923","0.25","0.0004285867352405443"
"NPD-Rice-COCO-43","flat","2030","temperature_scaled","1","0.444261891174504","0.6","0.0005357334190506804"
"NPD-Rice-COCO-43","flat","2030","temperature_scaled","2","0.508936647963941","0.6666666666666666","0.0009643201542912247"
"NPD-Rice-COCO-43","flat","2030","temperature_scaled","3","0.562724838554772","0.7333333333333333","0.0016072002571520412"
"NPD-Rice-COCO-43","flat","2030","temperature_scaled","4","0.6364519590419229","0.7333333333333333","0.0016072002571520412"
"NPD-Rice-COCO-43","flat","2030","temperature_scaled","5","0.7026228174483241","0.6470588235294118","0.0018214936247723133"
"NPD-Rice-COCO-43","flat","2030","temperature_scaled","6","0.7626098212313848","0.8","0.002678667095253402"
"NPD-Rice-COCO-43","flat","2030","temperature_scaled","7","0.8353918647452885","0.782608695652174","0.004928747455266259"
"NPD-Rice-COCO-43","flat","2030","temperature_scaled","8","0.9064262006274911","0.8780487804878049","0.008786028072431158"
"NPD-Rice-COCO-43","flat","2030","temperature_scaled","9","0.9992922527826621","0.9984640702139331","0.9766420229293903"
"NPD-Rice-COCO-43","flat","2031","raw","0","0.39696907562927425","0.0","0.00010714668381013607"
"NPD-Rice-COCO-43","flat","2031","raw","1","0.5171330229529439","1.0","0.0003214400514304082"
"NPD-Rice-COCO-43","flat","2031","raw","2","0.5696779610170098","0.5555555555555556","0.0009643201542912247"
"NPD-Rice-COCO-43","flat","2031","raw","3","0.6405895339322966","0.5","0.0008571734704810886"
"NPD-Rice-COCO-43","flat","2031","raw","4","0.6955533592383948","0.5714285714285714","0.0007500267866709525"
"NPD-Rice-COCO-43","flat","2031","raw","5","0.7684247292214114","0.4117647058823529","0.0018214936247723133"
"NPD-Rice-COCO-43","flat","2031","raw","6","0.832304280916498","0.8888888888888888","0.0009643201542912247"
"NPD-Rice-COCO-43","flat","2031","raw","7","0.9084774312333797","0.7714285714285715","0.0037501339333547625"
"NPD-Rice-COCO-43","flat","2031","raw","8","0.9996389812655275","0.9975118996105582","0.9904639451408979"
"NPD-Rice-COCO-43","flat","2031","temperature_scaled","0","0.3550514893814144","0.0","0.00010714668381013607"
"NPD-Rice-COCO-43","flat","2031","temperature_scaled","1","0.5001418672598664","0.625","0.0008571734704810886"
"NPD-Rice-COCO-43","flat","2031","temperature_scaled","2","0.5606526845693546","0.5333333333333333","0.0016072002571520412"
"NPD-Rice-COCO-43","flat","2031","temperature_scaled","3","0.635177238767769","0.5","0.001500053573341905"
"NPD-Rice-COCO-43","flat","2031","temperature_scaled","4","0.7075555017652584","0.6875","0.0017143469409621772"
"NPD-Rice-COCO-43","flat","2031","temperature_scaled","5","0.771294101585601","0.8","0.0016072002571520412"
"NPD-Rice-COCO-43","flat","2031","temperature_scaled","6","0.8399063963608424","0.7058823529411765","0.0036429872495446266"
"NPD-Rice-COCO-43","flat","2031","temperature_scaled","7","0.906467971698903","0.8793103448275862","0.006214507660987892"
"NPD-Rice-COCO-43","flat","2031","temperature_scaled","8","0.9993106208540438","0.9988006977758395","0.9827493839065681"
"NPD-Rice-COCO-43","flat","2032","raw","0","0.3780785345124511","0.0","0.00010714668381013607"
"NPD-Rice-COCO-43","flat","2032","raw","1","0.4506230305961094","0.0","0.0003214400514304082"
"NPD-Rice-COCO-43","flat","2032","raw","2","0.5080778812962685","0.5555555555555556","0.0009643201542912247"
"NPD-Rice-COCO-43","flat","2032","raw","3","0.5649107190092544","0.8","0.0005357334190506804"
"NPD-Rice-COCO-43","flat","2032","raw","4","0.6234038622358798","0.75","0.0008571734704810886"
"NPD-Rice-COCO-43","flat","2032","raw","5","0.697919494322812","0.5333333333333333","0.0016072002571520412"
"NPD-Rice-COCO-43","flat","2032","raw","6","0.7612528030468705","0.6666666666666666","0.0009643201542912247"
"NPD-Rice-COCO-43","flat","2032","raw","7","0.8398289726538835","0.8333333333333334","0.0019286403085824494"
"NPD-Rice-COCO-43","flat","2032","raw","8","0.9005569208987384","0.6774193548387096","0.0033215471981142184"
"NPD-Rice-COCO-43","flat","2032","raw","9","0.9995840286094715","0.9966428416720814","0.9893924783027965"
"NPD-Rice-COCO-43","flat","2032","temperature_scaled","0","0.3706187123597812","0.0","0.00021429336762027214"
"NPD-Rice-COCO-43","flat","2032","temperature_scaled","1","0.4346072528602565","0.42857142857142855","0.0007500267866709525"
"NPD-Rice-COCO-43","flat","2032","temperature_scaled","2","0.5074669295959761","0.5","0.0008571734704810886"
"NPD-Rice-COCO-43","flat","2032","temperature_scaled","3","0.5654616500573864","0.6923076923076923","0.001392906889531769"
"NPD-Rice-COCO-43","flat","2032","temperature_scaled","4","0.6266236206001572","0.7222222222222222","0.0019286403085824494"
"NPD-Rice-COCO-43","flat","2032","temperature_scaled","5","0.7031285874635462","0.6875","0.0017143469409621772"
"NPD-Rice-COCO-43","flat","2032","temperature_scaled","6","0.7711289636886832","0.6896551724137931","0.003107253830493946"
"NPD-Rice-COCO-43","flat","2032","temperature_scaled","7","0.8412302156218809","0.6857142857142857","0.0037501339333547625"
"NPD-Rice-COCO-43","flat","2032","temperature_scaled","8","0.9004646172991001","0.8732394366197183","0.007607414550519662"
"NPD-Rice-COCO-43","flat","2032","temperature_scaled","9","0.9992981917912387","0.9986862272826801","0.9786778099217829"
"NPD-Rice-COCO-43","flat","2033","raw","0","0.4416318222356573","0.0","0.00010714668381013607"
"NPD-Rice-COCO-43","flat","2033","raw","1","0.5141541430652814","0.625","0.0008571734704810886"
"NPD-Rice-COCO-43","flat","2033","raw","2","0.5628815367011577","0.4444444444444444","0.0009643201542912247"
"NPD-Rice-COCO-43","flat","2033","raw","3","0.6275940740768446","0.875","0.0008571734704810886"
"NPD-Rice-COCO-43","flat","2033","raw","4","0.7032548502639712","0.45454545454545453","0.0011786135219114969"
"NPD-Rice-COCO-43","flat","2033","raw","5","0.761769660119266","0.6363636363636364","0.0011786135219114969"
"NPD-Rice-COCO-43","flat","2033","raw","6","0.8344096942421642","0.6","0.0021429336762027215"
"NPD-Rice-COCO-43","flat","2033","raw","7","0.9034063774603852","0.7352941176470589","0.0036429872495446266"
"NPD-Rice-COCO-43","flat","2033","raw","8","0.999581782282545","0.9970750731231719","0.9890710382513661"
"NPD-Rice-COCO-43","flat","2033","temperature_scaled","0","0.37373097761746565","0.5","0.00021429336762027214"
"NPD-Rice-COCO-43","flat","2033","temperature_scaled","1","0.4399797595834645","0.5714285714285714","0.0007500267866709525"
"NPD-Rice-COCO-43","flat","2033","temperature_scaled","2","0.5056013717880803","0.6363636363636364","0.0011786135219114969"
"NPD-Rice-COCO-43","flat","2033","temperature_scaled","3","0.5744833096637285","0.6666666666666666","0.0012857602057216328"
"NPD-Rice-COCO-43","flat","2033","temperature_scaled","4","0.6331080636568652","0.5","0.001500053573341905"
"NPD-Rice-COCO-43","flat","2033","temperature_scaled","5","0.7052868046567948","0.6666666666666666","0.0022500803600128574"
"NPD-Rice-COCO-43","flat","2033","temperature_scaled","6","0.7671171450856541","0.64","0.002678667095253402"
"NPD-Rice-COCO-43","flat","2033","temperature_scaled","7","0.833571226624081","0.8387096774193549","0.0033215471981142184"
"NPD-Rice-COCO-43","flat","2033","temperature_scaled","8","0.9066098009678303","0.8735632183908046","0.00932176149148184"
"NPD-Rice-COCO-43","flat","2033","temperature_scaled","9","0.999053659847342","0.9985750301435932","0.9774991963998714"
"NPD-Rice-COCO-43","flat","2034","raw","0","0.42818226310444335","0.0","0.00021429336762027214"
"NPD-Rice-COCO-43","flat","2034","raw","1","0.5087188697124607","0.3333333333333333","0.0003214400514304082"
"NPD-Rice-COCO-43","flat","2034","raw","2","0.5635545269055733","0.75","0.0008571734704810886"
"NPD-Rice-COCO-43","flat","2034","raw","3","0.6484194399172886","1.0","0.0003214400514304082"
"NPD-Rice-COCO-43","flat","2034","raw","4","0.7077961797112731","0.6666666666666666","0.0009643201542912247"
"NPD-Rice-COCO-43","flat","2034","raw","5","0.7678816010856617","0.625","0.0008571734704810886"
"NPD-Rice-COCO-43","flat","2034","raw","6","0.841943495792851","0.7777777777777778","0.0019286403085824494"
"NPD-Rice-COCO-43","flat","2034","raw","7","0.9074136701756542","0.8780487804878049","0.004393014036215579"
"NPD-Rice-COCO-43","flat","2034","raw","8","0.9995788619815865","0.9972946650795369","0.9901425050894674"
"NPD-Rice-COCO-43","flat","2034","temperature_scaled","0","0.3675263627674791","0.0","0.00010714668381013607"
"NPD-Rice-COCO-43","flat","2034","temperature_scaled","1","0.4205833906979591","0.3333333333333333","0.0003214400514304082"
"NPD-Rice-COCO-43","flat","2034","temperature_scaled","2","0.49108135624479465","0.625","0.0008571734704810886"
"NPD-Rice-COCO-43","flat","2034","temperature_scaled","3","0.5536491967270315","0.8","0.0005357334190506804"
"NPD-Rice-COCO-43","flat","2034","temperature_scaled","4","0.6315718411462239","0.8333333333333334","0.0012857602057216328"
"NPD-Rice-COCO-43","flat","2034","temperature_scaled","5","0.7006355343636916","0.65","0.0021429336762027215"
"NPD-Rice-COCO-43","flat","2034","temperature_scaled","6","0.7714613160030956","0.88","0.002678667095253402"
"NPD-Rice-COCO-43","flat","2034","temperature_scaled","7","0.8323996659975328","0.8333333333333334","0.004500160720025715"
"NPD-Rice-COCO-43","flat","2034","temperature_scaled","8","0.9039846866542854","0.8769230769230769","0.0069645344476588445"
"NPD-Rice-COCO-43","flat","2034","temperature_scaled","9","0.9993094338462487","0.9986888111888111","0.9806064502303654"
"NPD-Rice-COCO-43","flat","2035","raw","0","0.4480029177628716","0.0","0.00010714668381013607"
"NPD-Rice-COCO-43","flat","2035","raw","1","0.5002285646610674","0.4","0.0005357334190506804"
"NPD-Rice-COCO-43","flat","2035","raw","2","0.5612849121507035","0.375","0.0008571734704810886"
"NPD-Rice-COCO-43","flat","2035","raw","3","0.6267400295190352","0.2","0.0005357334190506804"
"NPD-Rice-COCO-43","flat","2035","raw","4","0.6930404392150237","0.5333333333333333","0.0016072002571520412"
"NPD-Rice-COCO-43","flat","2035","raw","5","0.7807889765773154","0.45454545454545453","0.0011786135219114969"
"NPD-Rice-COCO-43","flat","2035","raw","6","0.8292385495557372","0.5555555555555556","0.0009643201542912247"
"NPD-Rice-COCO-43","flat","2035","raw","7","0.9003237207323372","0.7692307692307693","0.001392906889531769"
"NPD-Rice-COCO-43","flat","2035","raw","8","0.9996751858775358","0.9976257284696741","0.9928211721847209"
"NPD-Rice-COCO-43","flat","2035","temperature_scaled","0","0.3765118713178224","0.0","0.00010714668381013607"
"NPD-Rice-COCO-43","flat","2035","temperature_scaled","1","0.4386825918178352","0.16666666666666666","0.0006428801028608164"
"NPD-Rice-COCO-43","flat","2035","temperature_scaled","2","0.4999956304825992","0.5","0.0012857602057216328"
"NPD-Rice-COCO-43","flat","2035","temperature_scaled","3","0.5654160969121033","0.5","0.001500053573341905"
"NPD-Rice-COCO-43","flat","2035","temperature_scaled","4","0.6337576549491918","0.5","0.001500053573341905"
"NPD-Rice-COCO-43","flat","2035","temperature_scaled","5","0.6971283324956089","0.6666666666666666","0.0012857602057216328"
"NPD-Rice-COCO-43","flat","2035","temperature_scaled","6","0.771445556335609","0.75","0.0017143469409621772"
"NPD-Rice-COCO-43","flat","2035","temperature_scaled","7","0.8350846367196255","0.8717948717948718","0.004178720668595307"
"NPD-Rice-COCO-43","flat","2035","temperature_scaled","8","0.9051927730579359","0.8732394366197183","0.007607414550519662"
"NPD-Rice-COCO-43","flat","2035","temperature_scaled","9","0.9993224960599338","0.9992348054219502","0.9801778634951248"
"NPD-Rice-COCO-43","dual_none","2026","raw","0","0.4451313042824949","0.5","0.0004285867352405443"
"NPD-Rice-COCO-43","dual_none","2026","raw","1","0.5033889923530772","0.8","0.0005357334190506804"
"NPD-Rice-COCO-43","dual_none","2026","raw","2","0.5735884390232286","0.5","0.0008571734704810886"
"NPD-Rice-COCO-43","dual_none","2026","raw","3","0.6157171885725518","0.3333333333333333","0.0006428801028608164"
"NPD-Rice-COCO-43","dual_none","2026","raw","4","0.707225987808802","0.6153846153846154","0.001392906889531769"
"NPD-Rice-COCO-43","dual_none","2026","raw","5","0.7668531915859921","0.75","0.0012857602057216328"
"NPD-Rice-COCO-43","dual_none","2026","raw","6","0.8425911008290377","0.8421052631578947","0.0020357869923925856"
"NPD-Rice-COCO-43","dual_none","2026","raw","7","0.9026541599838754","0.64","0.002678667095253402"
"NPD-Rice-COCO-43","dual_none","2026","raw","8","0.9995931252465436","0.9967535980954442","0.9901425050894674"
"NPD-Rice-COCO-43","dual_none","2026","temperature_scaled","0","0.38895750059092893","0.3333333333333333","0.0003214400514304082"
"NPD-Rice-COCO-43","dual_none","2026","temperature_scaled","1","0.4406867786749565","1.0","0.0003214400514304082"
"NPD-Rice-COCO-43","dual_none","2026","temperature_scaled","2","0.5041826142318693","0.45454545454545453","0.0011786135219114969"
"NPD-Rice-COCO-43","dual_none","2026","temperature_scaled","3","0.5671303308825448","0.6666666666666666","0.0009643201542912247"
"NPD-Rice-COCO-43","dual_none","2026","temperature_scaled","4","0.638913545594149","0.631578947368421","0.0020357869923925856"
"NPD-Rice-COCO-43","dual_none","2026","temperature_scaled","5","0.7099348442246918","0.7647058823529411","0.0018214936247723133"
"NPD-Rice-COCO-43","dual_none","2026","temperature_scaled","6","0.7666092557788842","0.7647058823529411","0.0018214936247723133"
"NPD-Rice-COCO-43","dual_none","2026","temperature_scaled","7","0.8363624532126704","0.7352941176470589","0.0036429872495446266"
"NPD-Rice-COCO-43","dual_none","2026","temperature_scaled","8","0.9012888067316723","0.855072463768116","0.007393121182899389"
"NPD-Rice-COCO-43","dual_none","2026","temperature_scaled","9","0.9994215676106444","0.9982515572068626","0.9804993035465552"
"NPD-Rice-COCO-43","dual_none","2027","raw","0","0.4401036343215039","0.0","0.0003214400514304082"
"NPD-Rice-COCO-43","dual_none","2027","raw","1","0.5167318282095503","0.5714285714285714","0.0007500267866709525"
"NPD-Rice-COCO-43","dual_none","2027","raw","2","0.5538476736313118","0.75","0.0008571734704810886"
"NPD-Rice-COCO-43","dual_none","2027","raw","3","0.6350533535260612","0.75","0.0004285867352405443"
"NPD-Rice-COCO-43","dual_none","2027","raw","4","0.6932650442549686","0.4444444444444444","0.0009643201542912247"
"NPD-Rice-COCO-43","dual_none","2027","raw","5","0.7615425310896603","0.75","0.0004285867352405443"
"NPD-Rice-COCO-43","dual_none","2027","raw","6","0.8224629042879189","0.7272727272727273","0.0011786135219114969"
"NPD-Rice-COCO-43","dual_none","2027","raw","7","0.8969879723935505","0.6818181818181818","0.0023572270438229938"
"NPD-Rice-COCO-43","dual_none","2027","raw","8","0.9996285884959474","0.9971937398812736","0.9927140255009107"
"NPD-Rice-COCO-43","dual_none","2027","temperature_scaled","0","0.3835419821897457","0.0","0.0003214400514304082"
"NPD-Rice-COCO-43","dual_none","2027","temperature_scaled","1","0.457615120823834","0.6","0.0005357334190506804"
"NPD-Rice-COCO-43","dual_none","2027","temperature_scaled","2","0.49365459862226263","0.5384615384615384","0.001392906889531769"
"NPD-Rice-COCO-43","dual_none","2027","temperature_scaled","3","0.576260066093388","0.5714285714285714","0.0007500267866709525"
"NPD-Rice-COCO-43","dual_none","2027","temperature_scaled","4","0.6224517978978754","0.75","0.0008571734704810886"
"NPD-Rice-COCO-43","dual_none","2027","temperature_scaled","5","0.7022363431134783","0.6666666666666666","0.0016072002571520412"
"NPD-Rice-COCO-43","dual_none","2027","temperature_scaled","6","0.7726799142099197","0.7647058823529411","0.0018214936247723133"
"NPD-Rice-COCO-43","dual_none","2027","temperature_scaled","7","0.8406456790277763","0.7741935483870968","0.0033215471981142184"
"NPD-Rice-COCO-43","dual_none","2027","temperature_scaled","8","0.9062481658398531","0.8901098901098901","0.009750348226722383"
"NPD-Rice-COCO-43","dual_none","2027","temperature_scaled","9","0.9992504172391089","0.9990156403806191","0.9796421300760741"
"NPD-Rice-COCO-43","dual_none","2028","raw","0","0.4229836846630046","0.3333333333333333","0.0003214400514304082"
"NPD-Rice-COCO-43","dual_none","2028","raw","1","0.5157302791791238","0.75","0.0004285867352405443"
"NPD-Rice-COCO-43","dual_none","2028","raw","2","0.563906643487005","0.42857142857142855","0.0007500267866709525"
"NPD-Rice-COCO-43","dual_none","2028","raw","3","0.6339049216708089","0.5","0.0006428801028608164"
"NPD-Rice-COCO-43","dual_none","2028","raw","4","0.7009293454672856","0.7142857142857143","0.0007500267866709525"
"NPD-Rice-COCO-43","dual_none","2028","raw","5","0.769628315505899","0.6923076923076923","0.001392906889531769"
"NPD-Rice-COCO-43","dual_none","2028","raw","6","0.8347925883533018","0.8666666666666667","0.0016072002571520412"
"NPD-Rice-COCO-43","dual_none","2028","raw","7","0.9150264939801842","0.8125","0.0034286938819243543"
"NPD-Rice-COCO-43","dual_none","2028","raw","8","0.999533963109134","0.9968635085442353","0.9906782385085182"
"NPD-Rice-COCO-43","dual_none","2028","temperature_scaled","0","0.3633689381371449","0.5","0.00021429336762027214"
"NPD-Rice-COCO-43","dual_none","2028","temperature_scaled","1","0.4023871088332492","0.0","0.00010714668381013607"
"NPD-Rice-COCO-43","dual_none","2028","temperature_scaled","2","0.5009594567557311","0.6666666666666666","0.0009643201542912247"
"NPD-Rice-COCO-43","dual_none","2028","temperature_scaled","3","0.566762226328724","0.45454545454545453","0.0011786135219114969"
"NPD-Rice-COCO-43","dual_none","2028","temperature_scaled","4","0.6347652924240995","0.7857142857142857","0.001500053573341905"
"NPD-Rice-COCO-43","dual_none","2028","temperature_scaled","5","0.6951311988346006","0.8333333333333334","0.0012857602057216328"
"NPD-Rice-COCO-43","dual_none","2028","temperature_scaled","6","0.767031543760623","0.8235294117647058","0.0018214936247723133"
"NPD-Rice-COCO-43","dual_none","2028","temperature_scaled","7","0.8362629018966609","0.7391304347826086","0.004928747455266259"
"NPD-Rice-COCO-43","dual_none","2028","temperature_scaled","8","0.9045411117663352","0.9259259259259259","0.008678881388621022"
"NPD-Rice-COCO-43","dual_none","2028","temperature_scaled","9","0.9992157968535893","0.9982494529540481","0.9793206900246437"
"NPD-Rice-COCO-43","dual_none","2029","raw","0","0.4546245803368488","0.25","0.0004285867352405443"
"NPD-Rice-COCO-43","dual_none","2029","raw","1","0.515898567808192","0.5","0.0004285867352405443"
"NPD-Rice-COCO-43","dual_none","2029","raw","2","0.5780386529344534","0.75","0.0004285867352405443"
"NPD-Rice-COCO-43","dual_none","2029","raw","3","0.6377287875782275","0.75","0.0008571734704810886"
"NPD-Rice-COCO-43","dual_none","2029","raw","4","0.7013361271314077","0.3333333333333333","0.0006428801028608164"
"NPD-Rice-COCO-43","dual_none","2029","raw","5","0.7760827403204054","0.625","0.0008571734704810886"
"NPD-Rice-COCO-43","dual_none","2029","raw","6","0.8379692728104831","0.5789473684210527","0.0020357869923925856"
"NPD-Rice-COCO-43","dual_none","2029","raw","7","0.9033242429578939","0.6666666666666666","0.0022500803600128574"
"NPD-Rice-COCO-43","dual_none","2029","raw","8","0.9996433387328817","0.9969759153256291","0.99207114539805"
"NPD-Rice-COCO-43","dual_none","2029","temperature_scaled","0","0.3779128885264207","0.25","0.0004285867352405443"
"NPD-Rice-COCO-43","dual_none","2029","temperature_scaled","1","0.44608499590651324","0.75","0.0004285867352405443"
"NPD-Rice-COCO-43","dual_none","2029","temperature_scaled","2","0.49853036445014054","0.75","0.0008571734704810886"
"NPD-Rice-COCO-43","dual_none","2029","temperature_scaled","3","0.5636176162111508","0.4444444444444444","0.0009643201542912247"
"NPD-Rice-COCO-43","dual_none","2029","temperature_scaled","4","0.6422975161796188","0.45454545454545453","0.0011786135219114969"
"NPD-Rice-COCO-43","dual_none","2029","temperature_scaled","5","0.698606084153673","0.6","0.0021429336762027215"
"NPD-Rice-COCO-43","dual_none","2029","temperature_scaled","6","0.7551965204568757","0.65","0.0021429336762027215"
"NPD-Rice-COCO-43","dual_none","2029","temperature_scaled","7","0.8403670787139291","0.9574468085106383","0.005035894139076395"
"NPD-Rice-COCO-43","dual_none","2029","temperature_scaled","8","0.9064093222751537","0.8918918918918919","0.00792885460195007"
"NPD-Rice-COCO-43","dual_none","2029","temperature_scaled","9","0.9993216610340077","0.9982486865148862","0.9788921032894032"
"NPD-Rice-COCO-43","dual_none","2030","raw","0","0.4302454061227499","0.0","0.00010714668381013607"
"NPD-Rice-COCO-43","dual_none","2030","raw","1","0.5208626687056901","0.25","0.0004285867352405443"
"NPD-Rice-COCO-43","dual_none","2030","raw","2","0.5624209464943043","0.5454545454545454","0.0011786135219114969"
"NPD-Rice-COCO-43","dual_none","2030","raw","3","0.6400913692311321","0.3","0.0010714668381013607"
"NPD-Rice-COCO-43","dual_none","2030","raw","4","0.700424200098476","0.6","0.0010714668381013607"
"NPD-Rice-COCO-43","dual_none","2030","raw","5","0.7729131372629631","0.5454545454545454","0.0011786135219114969"
"NPD-Rice-COCO-43","dual_none","2030","raw","6","0.834826989703651","1.0","0.0011786135219114969"
"NPD-Rice-COCO-43","dual_none","2030","raw","7","0.9055477523002113","0.875","0.0034286938819243543"
"NPD-Rice-COCO-43","dual_none","2030","raw","8","0.9995532290682024","0.9971870604781997","0.9903567984570878"
"NPD-Rice-COCO-43","dual_none","2030","temperature_scaled","0","0.3896288088241035","0.0","0.00010714668381013607"
"NPD-Rice-COCO-43","dual_none","2030","temperature_scaled","1","0.4605822901933587","0.5","0.00021429336762027214"
"NPD-Rice-COCO-43","dual_none","2030","temperature_scaled","2","0.4999064816042038","0.5384615384615384","0.001392906889531769"
"NPD-Rice-COCO-43","dual_none","2030","temperature_scaled","3","0.5696561983878682","0.3333333333333333","0.0019286403085824494"
"NPD-Rice-COCO-43","dual_none","2030","temperature_scaled","4","0.6292493708848583","0.6","0.0010714668381013607"
"NPD-Rice-COCO-43","dual_none","2030","temperature_scaled","5","0.7102240702128395","0.9230769230769231","0.001392906889531769"
"NPD-Rice-COCO-43","dual_none","2030","temperature_scaled","6","0.7721118661190903","0.9545454545454546","0.0023572270438229938"
"NPD-Rice-COCO-43","dual_none","2030","temperature_scaled","7","0.8375642555805631","0.8780487804878049","0.004393014036215579"
"NPD-Rice-COCO-43","dual_none","2030","temperature_scaled","8","0.9031000614426015","0.8395061728395061","0.008678881388621022"
"NPD-Rice-COCO-43","dual_none","2030","temperature_scaled","9","0.9992902973775878","0.9987954445904511","0.9784635165541626"
"NPD-Rice-COCO-43","dual_none","2031","raw","0","0.3739466351109743","1.0","0.00010714668381013607"
"NPD-Rice-COCO-43","dual_none","2031","raw","1","0.44981167336901234","0.5","0.00021429336762027214"
"NPD-Rice-COCO-43","dual_none","2031","raw","2","0.5077907945297417","0.4","0.0005357334190506804"
"NPD-Rice-COCO-43","dual_none","2031","raw","3","0.5666809372146648","0.5","0.0008571734704810886"
"NPD-Rice-COCO-43","dual_none","2031","raw","4","0.6376091215054865","0.5333333333333333","0.0016072002571520412"
"NPD-Rice-COCO-43","dual_none","2031","raw","5","0.7051553866727114","0.5714285714285714","0.0007500267866709525"
"NPD-Rice-COCO-43","dual_none","2031","raw","6","0.7580021604474966","0.5","0.0008571734704810886"
"NPD-Rice-COCO-43","dual_none","2031","raw","7","0.8357233431003521","0.7857142857142857","0.001500053573341905"
"NPD-Rice-COCO-43","dual_none","2031","raw","8","0.9065268659871478","0.7368421052631579","0.0020357869923925856"
"NPD-Rice-COCO-43","dual_none","2031","raw","9","0.9996198394946757","0.9972984655284202","0.9915354119789993"
"NPD-Rice-COCO-43","dual_none","2031","temperature_scaled","0","0.31174928560538057","1.0","0.00010714668381013607"
"NPD-Rice-COCO-43","dual_none","2031","temperature_scaled","1","0.3550218814818008","0.5","0.00021429336762027214"
"NPD-Rice-COCO-43","dual_none","2031","temperature_scaled","2","0.4636181810659576","0.0","0.00021429336762027214"
"NPD-Rice-COCO-43","dual_none","2031","temperature_scaled","3","0.5073706055577817","0.42857142857142855","0.001500053573341905"
"NPD-Rice-COCO-43","dual_none","2031","temperature_scaled","4","0.5668169775505632","0.6666666666666666","0.0019286403085824494"
"NPD-Rice-COCO-43","dual_none","2031","temperature_scaled","5","0.6352249916208509","0.4","0.0010714668381013607"
"NPD-Rice-COCO-43","dual_none","2031","temperature_scaled","6","0.693433635479883","0.9166666666666666","0.0012857602057216328"
"NPD-Rice-COCO-43","dual_none","2031","temperature_scaled","7","0.7727237110979751","0.7222222222222222","0.0019286403085824494"
"NPD-Rice-COCO-43","dual_none","2031","temperature_scaled","8","0.8357323250997165","0.8260869565217391","0.0024643737276331297"
"NPD-Rice-COCO-43","dual_none","2031","temperature_scaled","9","0.902697267823199","0.891566265060241","0.008893174756241294"
"NPD-Rice-COCO-43","dual_none","2031","temperature_scaled","10","0.9991235354108536","0.9985792349726776","0.9803921568627451"
"NPD-Rice-COCO-43","dual_none","2032","raw","0","0.35155662948001504","1.0","0.00010714668381013607"
"NPD-Rice-COCO-43","dual_none","2032","raw","1","0.4367905290436195","0.0","0.00021429336762027214"
"NPD-Rice-COCO-43","dual_none","2032","raw","2","0.5083701894206708","0.42857142857142855","0.0007500267866709525"
"NPD-Rice-COCO-43","dual_none","2032","raw","3","0.5765576451861016","0.3333333333333333","0.0006428801028608164"
"NPD-Rice-COCO-43","dual_none","2032","raw","4","0.633005425057027","0.5714285714285714","0.0007500267866709525"
"NPD-Rice-COCO-43","dual_none","2032","raw","5","0.706090577806021","0.16666666666666666","0.0006428801028608164"
"NPD-Rice-COCO-43","dual_none","2032","raw","6","0.7664005683442454","0.8","0.0005357334190506804"
"NPD-Rice-COCO-43","dual_none","2032","raw","7","0.8394324067234329","0.6875","0.0017143469409621772"
"NPD-Rice-COCO-43","dual_none","2032","raw","8","0.9041020497188518","0.75","0.0012857602057216328"
"NPD-Rice-COCO-43","dual_none","2032","raw","9","0.9997010419375171","0.9968719663466724","0.9933569056037715"
"NPD-Rice-COCO-43","dual_none","2032","temperature_scaled","0","0.3552690595792019","0.5","0.00021429336762027214"
"NPD-Rice-COCO-43","dual_none","2032","temperature_scaled","1","0.43903717581817864","0.16666666666666666","0.0006428801028608164"
"NPD-Rice-COCO-43","dual_none","2032","temperature_scaled","2","0.5044314721083714","0.6","0.0010714668381013607"
"NPD-Rice-COCO-43","dual_none","2032","temperature_scaled","3","0.5646910779587953","0.2222222222222222","0.0009643201542912247"
"NPD-Rice-COCO-43","dual_none","2032","temperature_scaled","4","0.637000515345021","0.6666666666666666","0.0009643201542912247"
"NPD-Rice-COCO-43","dual_none","2032","temperature_scaled","5","0.7013434556740907","0.8571428571428571","0.001500053573341905"
"NPD-Rice-COCO-43","dual_none","2032","temperature_scaled","6","0.7643487018631628","0.5454545454545454","0.0011786135219114969"
"NPD-Rice-COCO-43","dual_none","2032","temperature_scaled","7","0.8368718783780775","0.7666666666666667","0.0032144005143040825"
"NPD-Rice-COCO-43","dual_none","2032","temperature_scaled","8","0.9060071785281159","0.8656716417910447","0.007178827815279117"
"NPD-Rice-COCO-43","dual_none","2032","temperature_scaled","9","0.9992525306199774","0.99858310626703","0.9830708239579985"
"NPD-Rice-COCO-43","dual_none","2033","raw","0","0.40350964645298315","1.0","0.00010714668381013607"
"NPD-Rice-COCO-43","dual_none","2033","raw","1","0.5122899407486395","0.75","0.0004285867352405443"
"NPD-Rice-COCO-43","dual_none","2033","raw","2","0.5725055810648213","0.6666666666666666","0.0006428801028608164"
"NPD-Rice-COCO-43","dual_none","2033","raw","3","0.6428446604131741","0.75","0.0004285867352405443"
"NPD-Rice-COCO-43","dual_none","2033","raw","4","0.7038059954511643","0.6","0.0005357334190506804"
"NPD-Rice-COCO-43","dual_none","2033","raw","5","0.7627580398501285","0.4","0.0010714668381013607"
"NPD-Rice-COCO-43","dual_none","2033","raw","6","0.8329320089953138","0.6666666666666666","0.0012857602057216328"
"NPD-Rice-COCO-43","dual_none","2033","raw","7","0.904401773803009","0.75","0.00300010714668381"
"NPD-Rice-COCO-43","dual_none","2033","raw","8","0.9996858050683236","0.9962215265032927","0.9924997321332905"
"NPD-Rice-COCO-43","dual_none","2033","temperature_scaled","0","0.3660137592826516","1.0","0.00010714668381013607"
"NPD-Rice-COCO-43","dual_none","2033","temperature_scaled","1","0.416103594023197","1.0","0.00010714668381013607"
"NPD-Rice-COCO-43","dual_none","2033","temperature_scaled","2","0.5057559172777122","0.5","0.0008571734704810886"
"NPD-Rice-COCO-43","dual_none","2033","temperature_scaled","3","0.5660848489656805","0.6666666666666666","0.0009643201542912247"
"NPD-Rice-COCO-43","dual_none","2033","temperature_scaled","4","0.6322937795730488","0.3076923076923077","0.001392906889531769"
"NPD-Rice-COCO-43","dual_none","2033","temperature_scaled","5","0.7127208183123221","0.9230769230769231","0.001392906889531769"
"NPD-Rice-COCO-43","dual_none","2033","temperature_scaled","6","0.7735723281193908","0.8","0.0021429336762027215"
"NPD-Rice-COCO-43","dual_none","2033","temperature_scaled","7","0.8370438245797014","0.7241379310344828","0.003107253830493946"
"NPD-Rice-COCO-43","dual_none","2033","temperature_scaled","8","0.9053312058818034","0.8225806451612904","0.006643094396228437"
"NPD-Rice-COCO-43","dual_none","2033","temperature_scaled","9","0.9993282330041849","0.9980385746976136","0.9832851173256187"
"NPD-Rice-COCO-43","dual_none","2034","raw","0","0.3931650966258321","0.0","0.00010714668381013607"
"NPD-Rice-COCO-43","dual_none","2034","raw","1","0.5052998828574907","0.6666666666666666","0.0006428801028608164"
"NPD-Rice-COCO-43","dual_none","2034","raw","2","0.5749076959027298","0.16666666666666666","0.0006428801028608164"
"NPD-Rice-COCO-43","dual_none","2034","raw","3","0.6421216880266538","0.5555555555555556","0.0009643201542912247"
"NPD-Rice-COCO-43","dual_none","2034","raw","4","0.7091932949070245","0.375","0.0008571734704810886"
"NPD-Rice-COCO-43","dual_none","2034","raw","5","0.7571262970334419","0.6666666666666666","0.0003214400514304082"
"NPD-Rice-COCO-43","dual_none","2034","raw","6","0.8375242307572125","0.7142857142857143","0.001500053573341905"
"NPD-Rice-COCO-43","dual_none","2034","raw","7","0.9049712217340043","0.7407407407407407","0.0028929604628736743"
"NPD-Rice-COCO-43","dual_none","2034","raw","8","0.9997416204456303","0.9967599092774597","0.99207114539805"
"NPD-Rice-COCO-43","dual_none","2034","temperature_scaled","0","0.36584570479059025","0.5","0.00021429336762027214"
"NPD-Rice-COCO-43","dual_none","2034","temperature_scaled","1","0.436534085029456","0.75","0.0004285867352405443"
"NPD-Rice-COCO-43","dual_none","2034","temperature_scaled","2","0.5111426951346438","0.2727272727272727","0.0011786135219114969"
"NPD-Rice-COCO-43","dual_none","2034","temperature_scaled","3","0.5586040271222266","0.46153846153846156","0.001392906889531769"
"NPD-Rice-COCO-43","dual_none","2034","temperature_scaled","4","0.648025568078078","0.7777777777777778","0.0009643201542912247"
"NPD-Rice-COCO-43","dual_none","2034","temperature_scaled","5","0.706083808308635","0.6363636363636364","0.0023572270438229938"
"NPD-Rice-COCO-43","dual_none","2034","temperature_scaled","6","0.7665854527880754","0.7058823529411765","0.0018214936247723133"
"NPD-Rice-COCO-43","dual_none","2034","temperature_scaled","7","0.8399751468003226","0.8484848484848485","0.0035358405657344907"
"NPD-Rice-COCO-43","dual_none","2034","temperature_scaled","8","0.9052149987198905","0.828125","0.006857387763848709"
"NPD-Rice-COCO-43","dual_none","2034","temperature_scaled","9","0.9991591925279625","0.9987988643808692","0.9812493303332261"
"NPD-Rice-COCO-43","dual_none","2035","raw","0","0.43090323807742636","0.0","0.00021429336762027214"
"NPD-Rice-COCO-43","dual_none","2035","raw","1","0.5115859468184144","0.5","0.0008571734704810886"
"NPD-Rice-COCO-43","dual_none","2035","raw","2","0.5570726388170935","0.3","0.0010714668381013607"
"NPD-Rice-COCO-43","dual_none","2035","raw","3","0.6564625470784464","1.0","0.0003214400514304082"
"NPD-Rice-COCO-43","dual_none","2035","raw","4","0.6935370417122931","0.4","0.0010714668381013607"
"NPD-Rice-COCO-43","dual_none","2035","raw","5","0.7639776293835137","0.5555555555555556","0.0009643201542912247"
"NPD-Rice-COCO-43","dual_none","2035","raw","6","0.8386093147866943","0.6","0.0016072002571520412"
"NPD-Rice-COCO-43","dual_none","2035","raw","7","0.9041346683677892","0.8","0.0016072002571520412"
"NPD-Rice-COCO-43","dual_none","2035","raw","8","0.999641951552098","0.9974084872044056","0.9922854387656702"
"NPD-Rice-COCO-43","dual_none","2035","temperature_scaled","0","0.3753267943779008","0.0","0.0003214400514304082"
"NPD-Rice-COCO-43","dual_none","2035","temperature_scaled","1","0.4277974036919135","0.3333333333333333","0.0006428801028608164"
"NPD-Rice-COCO-43","dual_none","2035","temperature_scaled","2","0.506142842228727","0.4166666666666667","0.0012857602057216328"
"NPD-Rice-COCO-43","dual_none","2035","temperature_scaled","3","0.5727847550398072","0.6153846153846154","0.001392906889531769"
"NPD-Rice-COCO-43","dual_none","2035","temperature_scaled","4","0.6342824591443675","0.5714285714285714","0.001500053573341905"
"NPD-Rice-COCO-43","dual_none","2035","temperature_scaled","5","0.6974915460905904","0.6153846153846154","0.001392906889531769"
"NPD-Rice-COCO-43","dual_none","2035","temperature_scaled","6","0.7737340394331285","0.8333333333333334","0.0019286403085824494"
"NPD-Rice-COCO-43","dual_none","2035","temperature_scaled","7","0.8290760929955928","0.875","0.0034286938819243543"
"NPD-Rice-COCO-43","dual_none","2035","temperature_scaled","8","0.9063694506011802","0.9222222222222223","0.009643201542912247"
"NPD-Rice-COCO-43","dual_none","2035","temperature_scaled","9","0.9991783952902421","0.9986859395532195","0.9784635165541626"
"MultiCrop-88","flat","2026","raw","0","0.3132372321776614","0.0","0.00012871669455528383"
"MultiCrop-88","flat","2026","raw","1","0.37661500924510494","0.5","0.00025743338911056766"
"MultiCrop-88","flat","2026","raw","2","0.4254004121635686","0.0","0.00012871669455528383"
"MultiCrop-88","flat","2026","raw","3","0.5032869133442177","0.41379310344827586","0.003732784142103231"
"MultiCrop-88","flat","2026","raw","4","0.5606906443713615","0.55","0.0025743338911056765"
"MultiCrop-88","flat","2026","raw","5","0.6271031842633724","0.5555555555555556","0.0034753507529926633"
"MultiCrop-88","flat","2026","raw","6","0.706221177163385","0.7142857142857143","0.004505084309434934"
"MultiCrop-88","flat","2026","raw","7","0.7713890478834657","0.6","0.004505084309434934"
"MultiCrop-88","flat","2026","raw","8","0.8399801358971121","0.6666666666666666","0.006950701505985327"
"MultiCrop-88","flat","2026","raw","9","0.9060140783834435","0.6666666666666666","0.01042605225897799"
"MultiCrop-88","flat","2026","raw","10","0.9990593478586812","0.9871726349545697","0.9633157420517441"
"MultiCrop-88","flat","2026","temperature_scaled","0","0.17369707132737894","0.0","0.00025743338911056766"
"MultiCrop-88","flat","2026","temperature_scaled","1","0.3019842041952999","0.4444444444444444","0.0011584502509975544"
"MultiCrop-88","flat","2026","temperature_scaled","2","0.3716323451878514","0.4166666666666667","0.0015446003346634059"
"MultiCrop-88","flat","2026","temperature_scaled","3","0.4409918552235904","0.42857142857142855","0.00270305058566096"
"MultiCrop-88","flat","2026","temperature_scaled","4","0.5005202142347962","0.6511627906976745","0.005534817865877204"
"MultiCrop-88","flat","2026","temperature_scaled","5","0.5647402293494668","0.7115384615384616","0.006693268116874759"
"MultiCrop-88","flat","2026","temperature_scaled","6","0.6351936752814188","0.5517241379310345","0.007465568284206462"
"MultiCrop-88","flat","2026","temperature_scaled","7","0.7017713299359025","0.6274509803921569","0.006564551422319475"
"MultiCrop-88","flat","2026","temperature_scaled","8","0.7671455592515132","0.7571428571428571","0.009010168618869868"
"MultiCrop-88","flat","2026","temperature_scaled","9","0.8350733513232237","0.8313253012048193","0.010683485648088556"
"MultiCrop-88","flat","2026","temperature_scaled","10","0.9047946670613866","0.8627450980392157","0.019693654266958426"
"MultiCrop-88","flat","2026","temperature_scaled","11","0.9969919702345547","0.9926541926541926","0.9286909512163728"
"MultiCrop-88","flat","2027","raw","0","0.38142783751935183","0.25","0.0005148667782211353"
"MultiCrop-88","flat","2027","raw","1","0.41062673404924066","0.3333333333333333","0.00038615008366585146"
"MultiCrop-88","flat","2027","raw","2","0.5089892685171482","0.4375","0.0020594671128845413"
"MultiCrop-88","flat","2027","raw","3","0.5736930085001549","0.3888888888888889","0.002316900501995109"
"MultiCrop-88","flat","2027","raw","4","0.6420947018760385","0.44","0.0032179173638820957"
"MultiCrop-88","flat","2027","raw","5","0.7025558308405346","0.5185185185185185","0.0034753507529926633"
"MultiCrop-88","flat","2027","raw","6","0.7655366249847734","0.6296296296296297","0.0034753507529926633"
"MultiCrop-88","flat","2027","raw","7","0.8355571486420375","0.4411764705882353","0.00437636761487965"
"MultiCrop-88","flat","2027","raw","8","0.9014970161026842","0.6949152542372882","0.007594284978761745"
"MultiCrop-88","flat","2027","raw","9","0.9993109513910877","0.9878242456326098","0.9725833440597246"
"MultiCrop-88","flat","2027","temperature_scaled","0","0.19854688333396767","0.0","0.00012871669455528383"
"MultiCrop-88","flat","2027","temperature_scaled","1","0.24207763617120398","0.5","0.0005148667782211353"
"MultiCrop-88","flat","2027","temperature_scaled","2","0.30143420921477393","0.5","0.0005148667782211353"
"MultiCrop-88","flat","2027","temperature_scaled","3","0.3623934680677329","0.4444444444444444","0.0011584502509975544"
"MultiCrop-88","flat","2027","temperature_scaled","4","0.433486961528536","0.2631578947368421","0.0024456171965503925"
"MultiCrop-88","flat","2027","temperature_scaled","5","0.5045156265904684","0.5","0.004633801003990218"
"MultiCrop-88","flat","2027","temperature_scaled","6","0.5669799097526381","0.5227272727272727","0.005663534560432488"
"MultiCrop-88","flat","2027","temperature_scaled","7","0.6352885595058129","0.5116279069767442","0.005534817865877204"
"MultiCrop-88","flat","2027","temperature_scaled","8","0.7014528600076722","0.717391304347826","0.005920967949543055"
"MultiCrop-88","flat","2027","temperature_scaled","9","0.7640080773556384","0.7727272727272727","0.005663534560432488"
"MultiCrop-88","flat","2027","temperature_scaled","10","0.8323435749951547","0.7375","0.010297335564422706"
"MultiCrop-88","flat","2027","temperature_scaled","11","0.9052004429461001","0.8775510204081632","0.01892135409962672"
"MultiCrop-88","flat","2027","temperature_scaled","12","0.9970026314300666","0.993828853538124","0.9386021366971297"
"MultiCrop-88","flat","2028","raw","0","0.437379372469039","0.6","0.0006435834727764191"
"MultiCrop-88","flat","2028","raw","1","0.5102826855489797","0.38461538461538464","0.0016733170292186897"
"MultiCrop-88","flat","2028","raw","2","0.5672176024704786","0.6666666666666666","0.0019307504183292573"
"MultiCrop-88","flat","2028","raw","3","0.6256550801080535","0.7","0.0025743338911056765"
"MultiCrop-88","flat","2028","raw","4","0.7011732273086222","0.38235294117647056","0.00437636761487965"
"MultiCrop-88","flat","2028","raw","5","0.7658556943891651","0.5909090909090909","0.002831767280216244"
"MultiCrop-88","flat","2028","raw","6","0.8315312377902687","0.6111111111111112","0.004633801003990218"
"MultiCrop-88","flat","2028","raw","7","0.9048846244740185","0.6610169491525424","0.007594284978761745"
"MultiCrop-88","flat","2028","raw","8","0.9992174551837278","0.988631857237277","0.973741794310722"
"MultiCrop-88","flat","2028","temperature_scaled","0","0.15493203156671712","1.0","0.00012871669455528383"
"MultiCrop-88","flat","2028","temperature_scaled","1","0.2435323658335219","0.25","0.0005148667782211353"
"MultiCrop-88","flat","2028","temperature_scaled","2","0.3112344959675033","1.0","0.00025743338911056766"
"MultiCrop-88","flat","2028","temperature_scaled","3","0.3699478191026875","0.25","0.0010297335564422706"
"MultiCrop-88","flat","2028","temperature_scaled","4","0.43894858639640344","0.5294117647058824","0.002188183807439825"
"MultiCrop-88","flat","2028","temperature_scaled","5","0.5042803705030381","0.6451612903225806","0.0039902175312137985"
"MultiCrop-88","flat","2028","temperature_scaled","6","0.5637814075041371","0.5581395348837209","0.005534817865877204"
"MultiCrop-88","flat","2028","temperature_scaled","7","0.6324747567199578","0.5476190476190477","0.00540610117132192"
"MultiCrop-88","flat","2028","temperature_scaled","8","0.6993003364208238","0.6923076923076923","0.006693268116874759"
"MultiCrop-88","flat","2028","temperature_scaled","9","0.7675050485015584","0.7454545454545455","0.00707941820054061"
"MultiCrop-88","flat","2028","temperature_scaled","10","0.8344083497612645","0.9","0.011584502509975544"
"MultiCrop-88","flat","2028","temperature_scaled","11","0.905357251196366","0.864516129032258","0.019951087656068994"
"MultiCrop-88","flat","2028","temperature_scaled","12","0.9967305787013845","0.9938093272802311","0.9356416527223581"
"MultiCrop-88","flat","2029","raw","0","0.3101144295075508","0.0","0.00012871669455528383"
"MultiCrop-88","flat","2029","raw","1","0.4411415662827826","0.2","0.0006435834727764191"
"MultiCrop-88","flat","2029","raw","2","0.504901564937995","0.36363636363636365","0.001415883640108122"
"MultiCrop-88","flat","2029","raw","3","0.565338089565878","0.42857142857142855","0.0018020337237739735"
"MultiCrop-88","flat","2029","raw","4","0.6411830068997506","0.6666666666666666","0.0019307504183292573"
"MultiCrop-88","flat","2029","raw","5","0.7037520658426344","0.47058823529411764","0.002188183807439825"
"MultiCrop-88","flat","2029","raw","6","0.7613578015853332","0.5","0.0038615008366585145"
"MultiCrop-88","flat","2029","raw","7","0.8344254482039553","0.6333333333333333","0.0038615008366585145"
"MultiCrop-88","flat","2029","raw","8","0.9077485700630669","0.6470588235294118","0.006564551422319475"
"MultiCrop-88","flat","2029","raw","9","0.9993181173174007","0.9857801184990125","0.9776032951473806"
"MultiCrop-88","flat","2029","temperature_scaled","0","0.17118711953844917","0.0","0.00025743338911056766"
"MultiCrop-88","flat","2029","temperature_scaled","1","0.23946707240153522","0.6666666666666666","0.00038615008366585146"
"MultiCrop-88","flat","2029","temperature_scaled","2","0.3083551879842469","0.2","0.0006435834727764191"
"MultiCrop-88","flat","2029","temperature_scaled","3","0.37406894128962953","0.2222222222222222","0.0011584502509975544"
"MultiCrop-88","flat","2029","temperature_scaled","4","0.44048990623495254","0.3333333333333333","0.0015446003346634059"
"MultiCrop-88","flat","2029","temperature_scaled","5","0.49435185548280625","0.6071428571428571","0.003604067447547947"
"MultiCrop-88","flat","2029","temperature_scaled","6","0.5638303817834119","0.5294117647058824","0.00437636761487965"
"MultiCrop-88","flat","2029","temperature_scaled","7","0.6326057632819754","0.5625","0.006178401338653623"
"MultiCrop-88","flat","2029","temperature_scaled","8","0.7060570717275058","0.7272727272727273","0.004247650920324366"
"MultiCrop-88","flat","2029","temperature_scaled","9","0.7701786688590019","0.7076923076923077","0.00836658514609345"
"MultiCrop-88","flat","2029","temperature_scaled","10","0.8325842976850815","0.8214285714285714","0.01081220234264384"
"MultiCrop-88","flat","2029","temperature_scaled","11","0.9044249735994102","0.8181818181818182","0.019822370961513708"
"MultiCrop-88","flat","2029","temperature_scaled","12","0.9970749047450341","0.993828853538124","0.9386021366971297"
"MultiCrop-88","flat","2030","raw","0","0.30690448938653014","0.0","0.00012871669455528383"
"MultiCrop-88","flat","2030","raw","1","0.34632326213913955","0.0","0.00012871669455528383"
"MultiCrop-88","flat","2030","raw","2","0.4183143826436072","1.0","0.00012871669455528383"
"MultiCrop-88","flat","2030","raw","3","0.5119218844217505","0.2","0.0012871669455528382"
"MultiCrop-88","flat","2030","raw","4","0.5684697745831244","0.7","0.0025743338911056765"
"MultiCrop-88","flat","2030","raw","5","0.6336452353780415","0.6153846153846154","0.0016733170292186897"
"MultiCrop-88","flat","2030","raw","6","0.6984578010287867","0.7368421052631579","0.0024456171965503925"
"MultiCrop-88","flat","2030","raw","7","0.773585677175591","0.5","0.0030892006693268117"
"MultiCrop-88","flat","2030","raw","8","0.8361090738918479","0.4827586206896552","0.003732784142103231"
"MultiCrop-88","flat","2030","raw","9","0.9022201196288996","0.6122448979591837","0.006307118033208907"
"MultiCrop-88","flat","2030","raw","10","0.9993433019612536","0.9865824782951855","0.9785043120092676"
"MultiCrop-88","flat","2030","temperature_scaled","0","0.18780598478501986","0.0","0.00012871669455528383"
"MultiCrop-88","flat","2030","temperature_scaled","1","0.22984854244557618","0.5","0.00025743338911056766"
"MultiCrop-88","flat","2030","temperature_scaled","2","0.30098848171333736","0.3333333333333333","0.00038615008366585146"
"MultiCrop-88","flat","2030","temperature_scaled","3","0.36773734609930175","0.5","0.0010297335564422706"
"MultiCrop-88","flat","2030","temperature_scaled","4","0.43612286073358586","0.5","0.0018020337237739735"
"MultiCrop-88","flat","2030","temperature_scaled","5","0.4974772926155428","0.5641025641025641","0.005019951087656069"
"MultiCrop-88","flat","2030","temperature_scaled","6","0.5701542077046071","0.5517241379310345","0.003732784142103231"
"MultiCrop-88","flat","2030","temperature_scaled","7","0.6345012420703872","0.6136363636363636","0.005663534560432488"
"MultiCrop-88","flat","2030","temperature_scaled","8","0.6974045007961613","0.5588235294117647","0.00437636761487965"
"MultiCrop-88","flat","2030","temperature_scaled","9","0.7654496765839005","0.7272727272727273","0.008495301840648731"
"MultiCrop-88","flat","2030","temperature_scaled","10","0.8354957082339386","0.8636363636363636","0.011327069120864976"
"MultiCrop-88","flat","2030","temperature_scaled","11","0.9051662624138616","0.8552631578947368","0.01956493757240314"
"MultiCrop-88","flat","2030","temperature_scaled","12","0.996275344001938","0.9938263136232679","0.9382159866134637"
"MultiCrop-88","flat","2031","raw","0","0.46049956045032825","1.0","0.00025743338911056766"
"MultiCrop-88","flat","2031","raw","1","0.5148645937617751","0.4444444444444444","0.0011584502509975544"
"MultiCrop-88","flat","2031","raw","2","0.5681807872221034","0.5789473684210527","0.0024456171965503925"
"MultiCrop-88","flat","2031","raw","3","0.6373295312662881","0.5555555555555556","0.002316900501995109"
"MultiCrop-88","flat","2031","raw","4","0.7069703841317388","0.4375","0.0020594671128845413"
"MultiCrop-88","flat","2031","raw","5","0.7638753531068551","0.6666666666666666","0.0030892006693268117"
"MultiCrop-88","flat","2031","raw","6","0.8342332920994272","0.4857142857142857","0.004505084309434934"
"MultiCrop-88","flat","2031","raw","7","0.9035588268416472","0.64","0.0064358347277641914"
"MultiCrop-88","flat","2031","raw","8","0.999359095741685","0.9860452869931543","0.9777320118419359"
"MultiCrop-88","flat","2031","temperature_scaled","0","0.29915404143628715","0.6","0.0006435834727764191"
"MultiCrop-88","flat","2031","temperature_scaled","1","0.3774149957878805","0.75","0.0010297335564422706"
"MultiCrop-88","flat","2031","temperature_scaled","2","0.44006563604784266","0.3333333333333333","0.0034753507529926633"
"MultiCrop-88","flat","2031","temperature_scaled","3","0.4974398208749594","0.5666666666666667","0.0038615008366585145"
"MultiCrop-88","flat","2031","temperature_scaled","4","0.5667848522794773","0.56","0.0032179173638820957"
"MultiCrop-88","flat","2031","temperature_scaled","5","0.6342882831376372","0.6808510638297872","0.006049684644098339"
"MultiCrop-88","flat","2031","temperature_scaled","6","0.7008193791195133","0.5909090909090909","0.005663534560432488"
"MultiCrop-88","flat","2031","temperature_scaled","7","0.7669875716416489","0.6","0.00707941820054061"
"MultiCrop-88","flat","2031","temperature_scaled","8","0.8364233833075748","0.7076923076923077","0.00836658514609345"
"MultiCrop-88","flat","2031","temperature_scaled","9","0.9038766482934193","0.87248322147651","0.01917878748873729"
"MultiCrop-88","flat","2031","temperature_scaled","10","0.9965311716522812","0.9943943122778234","0.9414339039773458"
"MultiCrop-88","flat","2032","raw","0","0.18356187470898416","0.0","0.00012871669455528383"
"MultiCrop-88","flat","2032","raw","1","0.3512275961811792","0.0","0.00012871669455528383"
"MultiCrop-88","flat","2032","raw","2","0.43173854526567756","0.4","0.0006435834727764191"
"MultiCrop-88","flat","2032","raw","3","0.5130972814260882","0.5","0.0018020337237739735"
"MultiCrop-88","flat","2032","raw","4","0.5707391971971907","0.3125","0.0020594671128845413"
"MultiCrop-88","flat","2032","raw","5","0.6321547209483916","0.5454545454545454","0.002831767280216244"
"MultiCrop-88","flat","2032","raw","6","0.6981769995153667","0.4666666666666667","0.0019307504183292573"
"MultiCrop-88","flat","2032","raw","7","0.7712029719411462","0.47058823529411764","0.002188183807439825"
"MultiCrop-88","flat","2032","raw","8","0.8351363101227641","0.6785714285714286","0.003604067447547947"
"MultiCrop-88","flat","2032","raw","9","0.9050142032792309","0.7105263157894737","0.004891234393100785"
"MultiCrop-88","flat","2032","raw","10","0.9993106330884947","0.9856805044666316","0.9797914789548204"
"MultiCrop-88","flat","2032","temperature_scaled","0","0.08833237834310978","0.0","0.00012871669455528383"
"MultiCrop-88","flat","2032","temperature_scaled","1","0.17494543064387735","0.3333333333333333","0.00038615008366585146"
"MultiCrop-88","flat","2032","temperature_scaled","2","0.2505032146113816","0.5","0.00025743338911056766"
"MultiCrop-88","flat","2032","temperature_scaled","3","0.31688758088620456","0.25","0.0005148667782211353"
"MultiCrop-88","flat","2032","temperature_scaled","4","0.3841785147070012","0.5","0.0015446003346634059"
"MultiCrop-88","flat","2032","temperature_scaled","5","0.4322981754219179","0.4444444444444444","0.002316900501995109"
"MultiCrop-88","flat","2032","temperature_scaled","6","0.5004255935564847","0.5161290322580645","0.0039902175312137985"
"MultiCrop-88","flat","2032","temperature_scaled","7","0.5659438841388182","0.5416666666666666","0.0030892006693268117"
"MultiCrop-88","flat","2032","temperature_scaled","8","0.6411598009629742","0.6451612903225806","0.0039902175312137985"
"MultiCrop-88","flat","2032","temperature_scaled","9","0.7034143517486192","0.6190476190476191","0.00540610117132192"
"MultiCrop-88","flat","2032","temperature_scaled","10","0.7697675912197913","0.7962962962962963","0.006950701505985327"
"MultiCrop-88","flat","2032","temperature_scaled","11","0.8360330844393666","0.8021978021978022","0.011713219204530828"
"MultiCrop-88","flat","2032","temperature_scaled","12","0.9079403605600553","0.85625","0.020594671128845412"
"MultiCrop-88","flat","2032","temperature_scaled","13","0.996679643477212","0.9930098684210527","0.9391170034753508"
"MultiCrop-88","flat","2033","raw","0","0.3368294786645293","0.0","0.00025743338911056766"
"MultiCrop-88","flat","2033","raw","1","0.4202598124146144","1.0","0.00012871669455528383"
"MultiCrop-88","flat","2033","raw","2","0.5043067761412133","0.6666666666666666","0.0011584502509975544"
"MultiCrop-88","flat","2033","raw","3","0.5654166026788068","0.3076923076923077","0.0016733170292186897"
"MultiCrop-88","flat","2033","raw","4","0.636122558605563","0.5","0.002316900501995109"
"MultiCrop-88","flat","2033","raw","5","0.6948941793252597","0.5333333333333333","0.0019307504183292573"
"MultiCrop-88","flat","2033","raw","6","0.7666413414542047","0.5238095238095238","0.00270305058566096"
"MultiCrop-88","flat","2033","raw","7","0.8374720446271816","0.5","0.005663534560432488"
"MultiCrop-88","flat","2033","raw","8","0.9027531200589599","0.6153846153846154","0.006693268116874759"
"MultiCrop-88","flat","2033","raw","9","0.9993051796549255","0.9867000263365815","0.9774745784528254"
"MultiCrop-88","flat","2033","temperature_scaled","0","0.1604287401281459","0.0","0.00038615008366585146"
"MultiCrop-88","flat","2033","temperature_scaled","1","0.2181003667867432","0.0","0.00012871669455528383"
"MultiCrop-88","flat","2033","temperature_scaled","2","0.3004538910396487","0.6","0.0006435834727764191"
"MultiCrop-88","flat","2033","temperature_scaled","3","0.37101380033231807","0.3333333333333333","0.0007723001673317029"
"MultiCrop-88","flat","2033","temperature_scaled","4","0.4381466427044543","0.625","0.0010297335564422706"
"MultiCrop-88","flat","2033","temperature_scaled","5","0.5069394509992889","0.5142857142857142","0.004505084309434934"
"MultiCrop-88","flat","2033","temperature_scaled","6","0.5672480050941838","0.6","0.0038615008366585145"
"MultiCrop-88","flat","2033","temperature_scaled","7","0.6378648838075281","0.4878048780487805","0.005277384476766637"
"MultiCrop-88","flat","2033","temperature_scaled","8","0.6990659388770823","0.62","0.0064358347277641914"
"MultiCrop-88","flat","2033","temperature_scaled","9","0.7647088592111996","0.7580645161290323","0.007980435062427597"
"MultiCrop-88","flat","2033","temperature_scaled","10","0.8344048221642835","0.7816091954022989","0.011198352426309692"
"MultiCrop-88","flat","2033","temperature_scaled","11","0.9047217307366899","0.8387096774193549","0.015960870124855194"
"MultiCrop-88","flat","2033","temperature_scaled","12","0.9964958054885823","0.993576602432691","0.9418200540610117"
"MultiCrop-88","flat","2034","raw","0","0.36544006160544057","0.5","0.00025743338911056766"
"MultiCrop-88","flat","2034","raw","1","0.43090631703835974","0.42857142857142855","0.0009010168618869867"
"MultiCrop-88","flat","2034","raw","2","0.5110047902219033","0.45454545454545453","0.001415883640108122"
"MultiCrop-88","flat","2034","raw","3","0.5697871935098026","0.5","0.0025743338911056765"
"MultiCrop-88","flat","2034","raw","4","0.635129967335826","0.6666666666666666","0.0019307504183292573"
"MultiCrop-88","flat","2034","raw","5","0.707822839549238","0.35294117647058826","0.002188183807439825"
"MultiCrop-88","flat","2034","raw","6","0.7634918539389016","0.6","0.0038615008366585145"
"MultiCrop-88","flat","2034","raw","7","0.8408481307112738","0.6739130434782609","0.005920967949543055"
"MultiCrop-88","flat","2034","raw","8","0.902665340829798","0.6481481481481481","0.006950701505985327"
"MultiCrop-88","flat","2034","raw","9","0.9992723469119775","0.9883705563631558","0.9739992276998327"
"MultiCrop-88","flat","2034","temperature_scaled","0","0.19154012556625966","0.0","0.00012871669455528383"
"MultiCrop-88","flat","2034","temperature_scaled","1","0.233610003642463","0.5","0.0005148667782211353"
"MultiCrop-88","flat","2034","temperature_scaled","2","0.3048124631123247","0.4","0.0006435834727764191"
"MultiCrop-88","flat","2034","temperature_scaled","3","0.36401877485666145","0.16666666666666666","0.0015446003346634059"
"MultiCrop-88","flat","2034","temperature_scaled","4","0.44348048918594","0.5294117647058824","0.002188183807439825"
"MultiCrop-88","flat","2034","temperature_scaled","5","0.5030563863281521","0.5555555555555556","0.0034753507529926633"
"MultiCrop-88","flat","2034","temperature_scaled","6","0.5695330813293459","0.75","0.003604067447547947"
"MultiCrop-88","flat","2034","temperature_scaled","7","0.6329141682238203","0.5319148936170213","0.006049684644098339"
"MultiCrop-88","flat","2034","temperature_scaled","8","0.6964490019966856","0.6440677966101694","0.007594284978761745"
"MultiCrop-88","flat","2034","temperature_scaled","9","0.7692906456981428","0.7894736842105263","0.007336851589651178"
"MultiCrop-88","flat","2034","temperature_scaled","10","0.8372019668119736","0.8152173913043478","0.01184193589908611"
"MultiCrop-88","flat","2034","temperature_scaled","11","0.9039137376653374","0.8851351351351351","0.019050070794182004"
"MultiCrop-88","flat","2034","temperature_scaled","12","0.99634499735932","0.9946369636963697","0.9360278028060239"
"MultiCrop-88","flat","2035","raw","0","0.4390221066336186","0.25","0.0005148667782211353"
"MultiCrop-88","flat","2035","raw","1","0.4966958375578078","0.6","0.0012871669455528382"
"MultiCrop-88","flat","2035","raw","2","0.5696169804870006","0.5","0.0025743338911056765"
"MultiCrop-88","flat","2035","raw","3","0.6348413476386288","0.5625","0.0020594671128845413"
"MultiCrop-88","flat","2035","raw","4","0.7046170675864157","0.43478260869565216","0.0029604839747715277"
"MultiCrop-88","flat","2035","raw","5","0.7688710144890029","0.6428571428571429","0.003604067447547947"
"MultiCrop-88","flat","2035","raw","6","0.8330452839287219","0.64","0.0032179173638820957"
"MultiCrop-88","flat","2035","raw","7","0.9014247464030609","0.6551724137931034","0.007465568284206462"
"MultiCrop-88","flat","2035","raw","8","0.9992518025136147","0.9864205669083718","0.9763161282018278"
"MultiCrop-88","flat","2035","temperature_scaled","0","0.2076368038917608","0.0","0.00025743338911056766"
"MultiCrop-88","flat","2035","temperature_scaled","1","0.2864869636276947","0.5","0.0010297335564422706"
"MultiCrop-88","flat","2035","temperature_scaled","2","0.37156003213874333","0.5555555555555556","0.0011584502509975544"
"MultiCrop-88","flat","2035","temperature_scaled","3","0.4350253271304588","0.45454545454545453","0.001415883640108122"
"MultiCrop-88","flat","2035","temperature_scaled","4","0.5037470185697749","0.625","0.0041189342257690826"
"MultiCrop-88","flat","2035","temperature_scaled","5","0.5642415250234664","0.5161290322580645","0.0039902175312137985"
"MultiCrop-88","flat","2035","temperature_scaled","6","0.6321452523097608","0.5454545454545454","0.005663534560432488"
"MultiCrop-88","flat","2035","temperature_scaled","7","0.7008928190465294","0.7","0.0064358347277641914"
"MultiCrop-88","flat","2035","temperature_scaled","8","0.7683327364708499","0.6851851851851852","0.006950701505985327"
"MultiCrop-88","flat","2035","temperature_scaled","9","0.8344487414405302","0.8157894736842105","0.00978246878620157"
"MultiCrop-88","flat","2035","temperature_scaled","10","0.9052427420097194","0.8181818181818182","0.02123825460162183"
"MultiCrop-88","flat","2035","temperature_scaled","11","0.9967438082893874","0.9945107726087553","0.9379585532243532"
"MultiCrop-88","dual_none","2026","raw","0","0.2475301563422615","0.0","0.00012871669455528383"
"MultiCrop-88","dual_none","2026","raw","1","0.35865583377599203","0.5","0.00025743338911056766"
"MultiCrop-88","dual_none","2026","raw","2","0.5158213070323455","0.5","0.0007723001673317029"
"MultiCrop-88","dual_none","2026","raw","3","0.5635355861201892","0.375","0.0020594671128845413"
"MultiCrop-88","dual_none","2026","raw","4","0.6328995248880451","0.5","0.0020594671128845413"
"MultiCrop-88","dual_none","2026","raw","5","0.7001988192827678","0.42105263157894735","0.0024456171965503925"
"MultiCrop-88","dual_none","2026","raw","6","0.7630463935690335","0.4117647058823529","0.002188183807439825"
"MultiCrop-88","dual_none","2026","raw","7","0.8327836707643002","0.5813953488372093","0.005534817865877204"
"MultiCrop-88","dual_none","2026","raw","8","0.9035465003714498","0.5967741935483871","0.007980435062427597"
"MultiCrop-88","dual_none","2026","raw","9","0.999286194025079","0.9862923421642282","0.9765735615909383"
"MultiCrop-88","dual_none","2026","temperature_scaled","0","0.12374421915170364","0.0","0.00012871669455528383"
"MultiCrop-88","dual_none","2026","temperature_scaled","1","0.16363596219711363","0.0","0.00012871669455528383"
"MultiCrop-88","dual_none","2026","temperature_scaled","2","0.3012210643254173","0.6666666666666666","0.00038615008366585146"
"MultiCrop-88","dual_none","2026","temperature_scaled","3","0.38397068112609556","0.25","0.0005148667782211353"
"MultiCrop-88","dual_none","2026","temperature_scaled","4","0.4413008154163902","0.5384615384615384","0.0016733170292186897"
"MultiCrop-88","dual_none","2026","temperature_scaled","5","0.5038209831142962","0.4857142857142857","0.004505084309434934"
"MultiCrop-88","dual_none","2026","temperature_scaled","6","0.5692807339927263","0.39473684210526316","0.004891234393100785"
"MultiCrop-88","dual_none","2026","temperature_scaled","7","0.6312127083359323","0.6857142857142857","0.004505084309434934"
"MultiCrop-88","dual_none","2026","temperature_scaled","8","0.7002775548809719","0.6170212765957447","0.006049684644098339"
"MultiCrop-88","dual_none","2026","temperature_scaled","9","0.7664549587619115","0.7142857142857143","0.007208134895095894"
"MultiCrop-88","dual_none","2026","temperature_scaled","10","0.8341016412157769","0.8686868686868687","0.012742952760973099"
"MultiCrop-88","dual_none","2026","temperature_scaled","11","0.9056706318915531","0.8114285714285714","0.022525421547174667"
"MultiCrop-88","dual_none","2026","temperature_scaled","12","0.9964078085417954","0.9935279537317543","0.9347406358604711"
"MultiCrop-88","dual_none","2027","raw","0","0.3756022076861461","0.5","0.00025743338911056766"
"MultiCrop-88","dual_none","2027","raw","1","0.428828687910601","0.25","0.0005148667782211353"
"MultiCrop-88","dual_none","2027","raw","2","0.5025234607995978","0.4166666666666667","0.0015446003346634059"
"MultiCrop-88","dual_none","2027","raw","3","0.5650937913934541","0.46153846153846156","0.0016733170292186897"
"MultiCrop-88","dual_none","2027","raw","4","0.6442938060798222","0.5263157894736842","0.0024456171965503925"
"MultiCrop-88","dual_none","2027","raw","5","0.7052295554197285","0.64","0.0032179173638820957"
"MultiCrop-88","dual_none","2027","raw","6","0.7678171110510015","0.5652173913043478","0.0029604839747715277"
"MultiCrop-88","dual_none","2027","raw","7","0.8335594881635316","0.5454545454545454","0.004247650920324366"
"MultiCrop-88","dual_none","2027","raw","8","0.9036235240493743","0.65","0.007723001673317029"
"MultiCrop-88","dual_none","2027","raw","9","0.9993186727067003","0.9870678279229348","0.9754151113399407"
"MultiCrop-88","dual_none","2027","temperature_scaled","0","0.13225778426966975","0.0","0.00012871669455528383"
"MultiCrop-88","dual_none","2027","temperature_scaled","1","0.16590192775855686","0.0","0.00012871669455528383"
"MultiCrop-88","dual_none","2027","temperature_scaled","2","0.21671787775355159","0.0","0.00025743338911056766"
"MultiCrop-88","dual_none","2027","temperature_scaled","3","0.32663672928589116","0.5","0.0005148667782211353"
"MultiCrop-88","dual_none","2027","temperature_scaled","4","0.3711557526486273","0.5","0.0015446003346634059"
"MultiCrop-88","dual_none","2027","temperature_scaled","5","0.44413577971073215","0.3333333333333333","0.0015446003346634059"
"MultiCrop-88","dual_none","2027","temperature_scaled","6","0.5041613914033432","0.5357142857142857","0.003604067447547947"
"MultiCrop-88","dual_none","2027","temperature_scaled","7","0.5677048728968682","0.6086956521739131","0.005920967949543055"
"MultiCrop-88","dual_none","2027","temperature_scaled","8","0.6381436610782731","0.5","0.005148667782211353"
"MultiCrop-88","dual_none","2027","temperature_scaled","9","0.7007536530287911","0.6956521739130435","0.005920967949543055"
"MultiCrop-88","dual_none","2027","temperature_scaled","10","0.7705116629031238","0.7333333333333333","0.007723001673317029"
"MultiCrop-88","dual_none","2027","temperature_scaled","11","0.8355907372303395","0.7681159420289855","0.008881451924314583"
"MultiCrop-88","dual_none","2027","temperature_scaled","12","0.9041251346836912","0.8795180722891566","0.021366971296177113"
"MultiCrop-88","dual_none","2027","temperature_scaled","13","0.9965304563585567","0.9940950288382313","0.9373149697515768"
"MultiCrop-88","dual_none","2028","raw","0","0.29715609680502686","0.5","0.00025743338911056766"
"MultiCrop-88","dual_none","2028","raw","1","0.3885633466624649","0.0","0.00012871669455528383"
"MultiCrop-88","dual_none","2028","raw","2","0.43214418874204574","0.0","0.0005148667782211353"
"MultiCrop-88","dual_none","2028","raw","3","0.5127549835362012","0.5","0.0015446003346634059"
"MultiCrop-88","dual_none","2028","raw","4","0.5635066651707096","0.42105263157894735","0.0024456171965503925"
"MultiCrop-88","dual_none","2028","raw","5","0.636737443277217","0.5333333333333333","0.0019307504183292573"
"MultiCrop-88","dual_none","2028","raw","6","0.7043695836339685","0.4827586206896552","0.003732784142103231"
"MultiCrop-88","dual_none","2028","raw","7","0.7644330144784031","0.6129032258064516","0.0039902175312137985"
"MultiCrop-88","dual_none","2028","raw","8","0.8396944593191477","0.6774193548387096","0.0039902175312137985"
"MultiCrop-88","dual_none","2028","raw","9","0.9004149248110018","0.7962962962962963","0.006950701505985327"
"MultiCrop-88","dual_none","2028","raw","10","0.9991614679005429","0.9862633733984942","0.9745140944780538"
"MultiCrop-88","dual_none","2028","temperature_scaled","0","0.1449871957313516","0.0","0.00012871669455528383"
"MultiCrop-88","dual_none","2028","temperature_scaled","1","0.23352374186536715","0.25","0.0005148667782211353"
"MultiCrop-88","dual_none","2028","temperature_scaled","2","0.29902741883299716","0.5","0.00025743338911056766"
"MultiCrop-88","dual_none","2028","temperature_scaled","3","0.36307199648318894","0.25","0.0010297335564422706"
"MultiCrop-88","dual_none","2028","temperature_scaled","4","0.44038353944489567","0.3333333333333333","0.0015446003346634059"
"MultiCrop-88","dual_none","2028","temperature_scaled","5","0.4997169840853331","0.5263157894736842","0.004891234393100785"
"MultiCrop-88","dual_none","2028","temperature_scaled","6","0.5718596548305199","0.6097560975609756","0.005277384476766637"
"MultiCrop-88","dual_none","2028","temperature_scaled","7","0.6314805183472001","0.574468085106383","0.006049684644098339"
"MultiCrop-88","dual_none","2028","temperature_scaled","8","0.7034085917905377","0.7857142857142857","0.00540610117132192"
"MultiCrop-88","dual_none","2028","temperature_scaled","9","0.7712874969747154","0.8285714285714286","0.009010168618869868"
"MultiCrop-88","dual_none","2028","temperature_scaled","10","0.8364006477241203","0.7710843373493976","0.010683485648088556"
"MultiCrop-88","dual_none","2028","temperature_scaled","11","0.9029334155055997","0.8690476190476191","0.02162440468528768"
"MultiCrop-88","dual_none","2028","temperature_scaled","12","0.9966212416138434","0.9935199227905694","0.9335821856094736"
"MultiCrop-88","dual_none","2029","raw","0","0.29252705744702134","0.0","0.00012871669455528383"
"MultiCrop-88","dual_none","2029","raw","1","0.38466752565755147","0.0","0.00012871669455528383"
"MultiCrop-88","dual_none","2029","raw","2","0.45366077722598164","0.5","0.00025743338911056766"
"MultiCrop-88","dual_none","2029","raw","3","0.5182254334795506","0.18181818181818182","0.001415883640108122"
"MultiCrop-88","dual_none","2029","raw","4","0.5692864970868773","0.29411764705882354","0.002188183807439825"
"MultiCrop-88","dual_none","2029","raw","5","0.6215927190343454","0.5555555555555556","0.002316900501995109"
"MultiCrop-88","dual_none","2029","raw","6","0.6994505962789511","0.5714285714285714","0.003604067447547947"
"MultiCrop-88","dual_none","2029","raw","7","0.7684122536510684","0.5454545454545454","0.004247650920324366"
"MultiCrop-88","dual_none","2029","raw","8","0.8368741100502126","0.6774193548387096","0.0039902175312137985"
"MultiCrop-88","dual_none","2029","raw","9","0.9027910010839807","0.6986301369863014","0.00939631870253572"
"MultiCrop-88","dual_none","2029","raw","10","0.9991121645003116","0.9890124437384167","0.972325910670614"
"MultiCrop-88","dual_none","2029","temperature_scaled","0","0.1254794454073851","0.0","0.00012871669455528383"
"MultiCrop-88","dual_none","2029","temperature_scaled","1","0.22786057688675634","0.3333333333333333","0.00038615008366585146"
"MultiCrop-88","dual_none","2029","temperature_scaled","2","0.31535791938670354","0.4","0.0006435834727764191"
"MultiCrop-88","dual_none","2029","temperature_scaled","3","0.37219314107201107","0.4","0.0006435834727764191"
"MultiCrop-88","dual_none","2029","temperature_scaled","4","0.44045513133322156","0.4666666666666667","0.0019307504183292573"
"MultiCrop-88","dual_none","2029","temperature_scaled","5","0.5045514475236479","0.47619047619047616","0.00540610117132192"
"MultiCrop-88","dual_none","2029","temperature_scaled","6","0.5681834929321259","0.45714285714285713","0.004505084309434934"
"MultiCrop-88","dual_none","2029","temperature_scaled","7","0.6307857017780717","0.6222222222222222","0.005792251254987772"
"MultiCrop-88","dual_none","2029","temperature_scaled","8","0.7006569103949621","0.7547169811320755","0.006821984811430043"
"MultiCrop-88","dual_none","2029","temperature_scaled","9","0.7675615269708544","0.8133333333333334","0.009653752091646286"
"MultiCrop-88","dual_none","2029","temperature_scaled","10","0.8328470740581528","0.8421052631578947","0.012228085982751963"
"MultiCrop-88","dual_none","2029","temperature_scaled","11","0.9045837073965841","0.9041095890410958","0.01879263740507144"
"MultiCrop-88","dual_none","2029","temperature_scaled","12","0.9968362609016933","0.9940681473306663","0.9330673188312524"
"MultiCrop-88","dual_none","2030","raw","0","0.257218241576752","0.0","0.00012871669455528383"
"MultiCrop-88","dual_none","2030","raw","1","0.2933362720151685","0.0","0.00012871669455528383"
"MultiCrop-88","dual_none","2030","raw","2","0.375135424374397","0.0","0.00012871669455528383"
"MultiCrop-88","dual_none","2030","raw","3","0.45905269865941567","1.0","0.00025743338911056766"
"MultiCrop-88","dual_none","2030","raw","4","0.5073818909884668","0.5333333333333333","0.0019307504183292573"
"MultiCrop-88","dual_none","2030","raw","5","0.5663085519458331","0.2608695652173913","0.0029604839747715277"
"MultiCrop-88","dual_none","2030","raw","6","0.6300242547149307","0.5","0.002831767280216244"
"MultiCrop-88","dual_none","2030","raw","7","0.6948129138375584","0.5333333333333333","0.0019307504183292573"
"MultiCrop-88","dual_none","2030","raw","8","0.7689867667520582","0.42857142857142855","0.00270305058566096"
"MultiCrop-88","dual_none","2030","raw","9","0.8361103038411183","0.48484848484848486","0.004247650920324366"
"MultiCrop-88","dual_none","2030","raw","10","0.9064005958007211","0.7321428571428571","0.007208134895095894"
"MultiCrop-88","dual_none","2030","raw","11","0.9992432932815046","0.9875973083520253","0.975543828034496"
"MultiCrop-88","dual_none","2030","temperature_scaled","0","0.16381154365514375","0.0","0.00025743338911056766"
"MultiCrop-88","dual_none","2030","temperature_scaled","1","0.2657730247261478","0.0","0.00025743338911056766"
"MultiCrop-88","dual_none","2030","temperature_scaled","2","0.3042494040625496","0.2857142857142857","0.0009010168618869867"
"MultiCrop-88","dual_none","2030","temperature_scaled","3","0.37150136432738434","0.6","0.0012871669455528382"
"MultiCrop-88","dual_none","2030","temperature_scaled","4","0.4384550802352666","0.5263157894736842","0.0024456171965503925"
"MultiCrop-88","dual_none","2030","temperature_scaled","5","0.49884268106477725","0.4444444444444444","0.0034753507529926633"
"MultiCrop-88","dual_none","2030","temperature_scaled","6","0.562952866705798","0.5142857142857142","0.004505084309434934"
"MultiCrop-88","dual_none","2030","temperature_scaled","7","0.6339896290268212","0.5","0.004633801003990218"
"MultiCrop-88","dual_none","2030","temperature_scaled","8","0.6994976337638442","0.6170212765957447","0.006049684644098339"
"MultiCrop-88","dual_none","2030","temperature_scaled","9","0.768889897928944","0.7941176470588235","0.0087527352297593"
"MultiCrop-88","dual_none","2030","temperature_scaled","10","0.8326012957528048","0.7922077922077922","0.009911185480756854"
"MultiCrop-88","dual_none","2030","temperature_scaled","11","0.9025794977011611","0.9197080291970803","0.017634187154073885"
"MultiCrop-88","dual_none","2030","temperature_scaled","12","0.9966316133016132","0.9928786633798959","0.9398893036426824"
"MultiCrop-88","dual_none","2031","raw","0","0.3144806447434461","0.0","0.00012871669455528383"
"MultiCrop-88","dual_none","2031","raw","1","0.3812357559087145","0.0","0.00025743338911056766"
"MultiCrop-88","dual_none","2031","raw","2","0.4435546738709986","0.6666666666666666","0.00038615008366585146"
"MultiCrop-88","dual_none","2031","raw","3","0.5076135116478699","0.18181818181818182","0.001415883640108122"
"MultiCrop-88","dual_none","2031","raw","4","0.5698930234303797","0.5714285714285714","0.0018020337237739735"
"MultiCrop-88","dual_none","2031","raw","5","0.6421736118248417","0.5","0.0030892006693268117"
"MultiCrop-88","dual_none","2031","raw","6","0.7039195092639912","0.6153846153846154","0.0033466340584373793"
"MultiCrop-88","dual_none","2031","raw","7","0.7652402561667313","0.6086956521739131","0.0029604839747715277"
"MultiCrop-88","dual_none","2031","raw","8","0.8268405016163546","0.7037037037037037","0.0034753507529926633"
"MultiCrop-88","dual_none","2031","raw","9","0.9072639673893137","0.6779661016949152","0.007594284978761745"
"MultiCrop-88","dual_none","2031","raw","10","0.9993620580026839","0.9870695342393455","0.975543828034496"
"MultiCrop-88","dual_none","2031","temperature_scaled","0","0.14709554251610943","0.0","0.00012871669455528383"
"MultiCrop-88","dual_none","2031","temperature_scaled","1","0.2483414445141104","0.5","0.00025743338911056766"
"MultiCrop-88","dual_none","2031","temperature_scaled","2","0.30215368918268426","0.42857142857142855","0.0009010168618869867"
"MultiCrop-88","dual_none","2031","temperature_scaled","3","0.3621350832675601","0.3333333333333333","0.00038615008366585146"
"MultiCrop-88","dual_none","2031","temperature_scaled","4","0.43418392969728115","0.375","0.0020594671128845413"
"MultiCrop-88","dual_none","2031","temperature_scaled","5","0.5029008059721272","0.5609756097560976","0.005277384476766637"
"MultiCrop-88","dual_none","2031","temperature_scaled","6","0.5667406848558789","0.5128205128205128","0.005019951087656069"
"MultiCrop-88","dual_none","2031","temperature_scaled","7","0.6289482502906631","0.7692307692307693","0.005019951087656069"
"MultiCrop-88","dual_none","2031","temperature_scaled","8","0.7054778742802302","0.673469387755102","0.006307118033208907"
"MultiCrop-88","dual_none","2031","temperature_scaled","9","0.7649334815374114","0.6792452830188679","0.006821984811430043"
"MultiCrop-88","dual_none","2031","temperature_scaled","10","0.8356736196516408","0.8354430379746836","0.010168618869867422"
"MultiCrop-88","dual_none","2031","temperature_scaled","11","0.902616502257246","0.8581081081081081","0.019050070794182004"
"MultiCrop-88","dual_none","2031","temperature_scaled","12","0.9966879986561542","0.9939659901261657","0.9386021366971297"
"MultiCrop-88","dual_none","2032","raw","0","0.3873697205990563","0.0","0.00025743338911056766"
"MultiCrop-88","dual_none","2032","raw","1","0.4330493740717904","0.0","0.00012871669455528383"
"MultiCrop-88","dual_none","2032","raw","2","0.5099491266072581","0.6153846153846154","0.0016733170292186897"
"MultiCrop-88","dual_none","2032","raw","3","0.5702655692483011","0.3","0.0025743338911056765"
"MultiCrop-88","dual_none","2032","raw","4","0.6341865355995507","0.4583333333333333","0.0030892006693268117"
"MultiCrop-88","dual_none","2032","raw","5","0.6976434254667764","0.6842105263157895","0.0024456171965503925"
"MultiCrop-88","dual_none","2032","raw","6","0.7641304015998722","0.64","0.0032179173638820957"
"MultiCrop-88","dual_none","2032","raw","7","0.8386330947316725","0.5517241379310345","0.003732784142103231"
"MultiCrop-88","dual_none","2032","raw","8","0.8962734153600826","0.7222222222222222","0.006950701505985327"
"MultiCrop-88","dual_none","2032","raw","9","0.999354302264585","0.9886573463466104","0.975929978118162"
"MultiCrop-88","dual_none","2032","temperature_scaled","0","0.18339203051893943","0.5","0.00025743338911056766"
"MultiCrop-88","dual_none","2032","temperature_scaled","1","0.24786652100902407","0.0","0.00025743338911056766"
"MultiCrop-88","dual_none","2032","temperature_scaled","2","0.29547068858500986","0.0","0.00038615008366585146"
"MultiCrop-88","dual_none","2032","temperature_scaled","3","0.36841819755535565","0.42857142857142855","0.0009010168618869867"
"MultiCrop-88","dual_none","2032","temperature_scaled","4","0.43434450255855217","0.5555555555555556","0.002316900501995109"
"MultiCrop-88","dual_none","2032","temperature_scaled","5","0.5008154570209329","0.5","0.004633801003990218"
"MultiCrop-88","dual_none","2032","temperature_scaled","6","0.5634799703918021","0.6041666666666666","0.006178401338653623"
"MultiCrop-88","dual_none","2032","temperature_scaled","7","0.634682709831566","0.5757575757575758","0.004247650920324366"
"MultiCrop-88","dual_none","2032","temperature_scaled","8","0.6998101558732932","0.7962962962962963","0.006950701505985327"
"MultiCrop-88","dual_none","2032","temperature_scaled","9","0.7732644114371231","0.8125","0.006178401338653623"
"MultiCrop-88","dual_none","2032","temperature_scaled","10","0.8328512774085624","0.8666666666666667","0.009653752091646286"
"MultiCrop-88","dual_none","2032","temperature_scaled","11","0.9033244790941298","0.8590604026845637","0.01917878748873729"
"MultiCrop-88","dual_none","2032","temperature_scaled","12","0.9965966418917666","0.9939676446394297","0.9388595700862402"
"MultiCrop-88","dual_none","2033","raw","0","0.1767468887002375","1.0","0.00012871669455528383"
"MultiCrop-88","dual_none","2033","raw","1","0.42511982343250454","0.5","0.0005148667782211353"
"MultiCrop-88","dual_none","2033","raw","2","0.5068195987473195","0.3333333333333333","0.0015446003346634059"
"MultiCrop-88","dual_none","2033","raw","3","0.5688697171398865","0.3333333333333333","0.00270305058566096"
"MultiCrop-88","dual_none","2033","raw","4","0.6233422507596029","0.5555555555555556","0.002316900501995109"
"MultiCrop-88","dual_none","2033","raw","5","0.7049307495118271","0.52","0.0032179173638820957"
"MultiCrop-88","dual_none","2033","raw","6","0.7664989970078289","0.5","0.002831767280216244"
"MultiCrop-88","dual_none","2033","raw","7","0.8371422639608377","0.6129032258064516","0.0039902175312137985"
"MultiCrop-88","dual_none","2033","raw","8","0.9031370594096352","0.7659574468085106","0.006049684644098339"
"MultiCrop-88","dual_none","2033","raw","9","0.9992681357620798","0.9878755930416447","0.9767022782854936"
"MultiCrop-88","dual_none","2033","temperature_scaled","0","0.08670473421127999","1.0","0.00012871669455528383"
"MultiCrop-88","dual_none","2033","temperature_scaled","1","0.24111732939720767","0.3333333333333333","0.00038615008366585146"
"MultiCrop-88","dual_none","2033","temperature_scaled","2","0.3032314276859947","0.0","0.00038615008366585146"
"MultiCrop-88","dual_none","2033","temperature_scaled","3","0.36310668688177783","0.5","0.0010297335564422706"
"MultiCrop-88","dual_none","2033","temperature_scaled","4","0.43702860396162085","0.36363636363636365","0.001415883640108122"
"MultiCrop-88","dual_none","2033","temperature_scaled","5","0.4984575049628534","0.4722222222222222","0.004633801003990218"
"MultiCrop-88","dual_none","2033","temperature_scaled","6","0.5632769535726603","0.5526315789473685","0.004891234393100785"
"MultiCrop-88","dual_none","2033","temperature_scaled","7","0.6341845910776684","0.6153846153846154","0.006693268116874759"
"MultiCrop-88","dual_none","2033","temperature_scaled","8","0.7019012115546279","0.7941176470588235","0.00437636761487965"
"MultiCrop-88","dual_none","2033","temperature_scaled","9","0.7701791627571383","0.8448275862068966","0.007465568284206462"
"MultiCrop-88","dual_none","2033","temperature_scaled","10","0.8355293659105183","0.8673469387755102","0.012614236066417815"
"MultiCrop-88","dual_none","2033","temperature_scaled","11","0.9077680988270337","0.868421052631579","0.01956493757240314"
"MultiCrop-88","dual_none","2033","temperature_scaled","12","0.9965932250734935","0.9932646048109965","0.9364139528896898"
"MultiCrop-88","dual_none","2034","raw","0","0.45132912100388917","0.25","0.0005148667782211353"
"MultiCrop-88","dual_none","2034","raw","1","0.5081704487397872","0.2727272727272727","0.001415883640108122"
"MultiCrop-88","dual_none","2034","raw","2","0.5669763221781041","0.3684210526315789","0.0024456171965503925"
"MultiCrop-88","dual_none","2034","raw","3","0.6407694969610191","0.4090909090909091","0.002831767280216244"
"MultiCrop-88","dual_none","2034","raw","4","0.6991830658664324","0.6086956521739131","0.0029604839747715277"
"MultiCrop-88","dual_none","2034","raw","5","0.7645707986940646","0.5416666666666666","0.0030892006693268117"
"MultiCrop-88","dual_none","2034","raw","6","0.8334343386011763","0.5357142857142857","0.003604067447547947"
"MultiCrop-88","dual_none","2034","raw","7","0.902015343413036","0.7608695652173914","0.005920967949543055"
"MultiCrop-88","dual_none","2034","raw","8","0.999176490138777","0.9868282402528978","0.9772171450637147"
"MultiCrop-88","dual_none","2034","temperature_scaled","0","0.1942072717156726","0.0","0.00025743338911056766"
"MultiCrop-88","dual_none","2034","temperature_scaled","1","0.23238843502776743","0.0","0.00025743338911056766"
"MultiCrop-88","dual_none","2034","temperature_scaled","2","0.2969766425949832","0.5","0.0005148667782211353"
"MultiCrop-88","dual_none","2034","temperature_scaled","3","0.36961711592549834","0.2727272727272727","0.001415883640108122"
"MultiCrop-88","dual_none","2034","temperature_scaled","4","0.43174781711412735","0.38461538461538464","0.0016733170292186897"
"MultiCrop-88","dual_none","2034","temperature_scaled","5","0.5069126874327421","0.4444444444444444","0.0034753507529926633"
"MultiCrop-88","dual_none","2034","temperature_scaled","6","0.5622940315265524","0.48936170212765956","0.006049684644098339"
"MultiCrop-88","dual_none","2034","temperature_scaled","7","0.6370641003925748","0.7222222222222222","0.004633801003990218"
"MultiCrop-88","dual_none","2034","temperature_scaled","8","0.7023122450634898","0.7755102040816326","0.006307118033208907"
"MultiCrop-88","dual_none","2034","temperature_scaled","9","0.7701319988382258","0.6666666666666666","0.008109151756982881"
"MultiCrop-88","dual_none","2034","temperature_scaled","10","0.8366551676755383","0.8478260869565217","0.01184193589908611"
"MultiCrop-88","dual_none","2034","temperature_scaled","11","0.9049411492529235","0.8382352941176471","0.0175054704595186"
"MultiCrop-88","dual_none","2034","temperature_scaled","12","0.9964357550027907","0.9943735419239742","0.9379585532243532"
"MultiCrop-88","dual_none","2035","raw","0","0.3816311354807981","0.0","0.00025743338911056766"
"MultiCrop-88","dual_none","2035","raw","1","0.42978261735948103","0.3333333333333333","0.00038615008366585146"
"MultiCrop-88","dual_none","2035","raw","2","0.506653333705836","0.4444444444444444","0.0011584502509975544"
"MultiCrop-88","dual_none","2035","raw","3","0.572186701493569","0.42857142857142855","0.0018020337237739735"
"MultiCrop-88","dual_none","2035","raw","4","0.6381178743355127","0.35294117647058826","0.002188183807439825"
"MultiCrop-88","dual_none","2035","raw","5","0.7028289581545624","0.4375","0.0041189342257690826"
"MultiCrop-88","dual_none","2035","raw","6","0.7662586444135002","0.41935483870967744","0.0039902175312137985"
"MultiCrop-88","dual_none","2035","raw","7","0.8359677739653356","0.5483870967741935","0.0039902175312137985"
"MultiCrop-88","dual_none","2035","raw","8","0.9040083594544498","0.7627118644067796","0.007594284978761745"
"MultiCrop-88","dual_none","2035","raw","9","0.9991270481557409","0.9881125346717738","0.9745140944780538"
"MultiCrop-88","dual_none","2035","temperature_scaled","0","0.1542950153903519","0.0","0.00025743338911056766"
"MultiCrop-88","dual_none","2035","temperature_scaled","1","0.23593802940201386","0.0","0.00012871669455528383"
"MultiCrop-88","dual_none","2035","temperature_scaled","2","0.30474180472481943","0.3333333333333333","0.0007723001673317029"
"MultiCrop-88","dual_none","2035","temperature_scaled","3","0.3644895219712452","0.5","0.0005148667782211353"
"MultiCrop-88","dual_none","2035","temperature_scaled","4","0.4435739784936379","0.4","0.0019307504183292573"
"MultiCrop-88","dual_none","2035","temperature_scaled","5","0.5006920062516329","0.42857142857142855","0.004505084309434934"
"MultiCrop-88","dual_none","2035","temperature_scaled","6","0.5695884681282174","0.40816326530612246","0.006307118033208907"
"MultiCrop-88","dual_none","2035","temperature_scaled","7","0.6308081956116363","0.6097560975609756","0.005277384476766637"
"MultiCrop-88","dual_none","2035","temperature_scaled","8","0.7045861806377067","0.8181818181818182","0.005663534560432488"
"MultiCrop-88","dual_none","2035","temperature_scaled","9","0.7677921703424029","0.8356164383561644","0.00939631870253572"
"MultiCrop-88","dual_none","2035","temperature_scaled","10","0.8359250584375072","0.8613861386138614","0.013000386150083665"
"MultiCrop-88","dual_none","2035","temperature_scaled","11","0.9057341592658127","0.8505747126436781","0.022396704852619385"
"MultiCrop-88","dual_none","2035","temperature_scaled","12","0.996539240813278","0.9946013289036545","0.9298494014673703"
"Agri-Foundation-145k","flat","2031","raw","0","0.17429798480837294","0.2","0.0003443407596157157"
"Agri-Foundation-145k","flat","2031","raw","1","0.23690522018603807","0.29411764705882354","0.0005853792913467167"
"Agri-Foundation-145k","flat","2031","raw","2","0.3039169733162791","0.14893617021276595","0.001618401570193864"
"Agri-Foundation-145k","flat","2031","raw","3","0.3688737851115752","0.17647058823529413","0.002341517165386867"
"Agri-Foundation-145k","flat","2031","raw","4","0.43428430498845555","0.2391304347826087","0.0031679349884645843"
"Agri-Foundation-145k","flat","2031","raw","5","0.5010488514495043","0.28773584905660377","0.007300024103853173"
"Agri-Foundation-145k","flat","2031","raw","6","0.5667138890474119","0.31313131313131315","0.006817947040391171"
"Agri-Foundation-145k","flat","2031","raw","7","0.6334791108969334","0.3755656108597285","0.007609930787507317"
"Agri-Foundation-145k","flat","2031","raw","8","0.7021534465402963","0.42857142857142855","0.007472194483661031"
"Agri-Foundation-145k","flat","2031","raw","9","0.768179886614707","0.42857142857142855","0.008436348610585035"
"Agri-Foundation-145k","flat","2031","raw","10","0.8336418489188788","0.4816053511705686","0.0102957887125099"
"Agri-Foundation-145k","flat","2031","raw","11","0.903961675609723","0.4880952380952381","0.01446231190386006"
"Agri-Foundation-145k","flat","2031","raw","12","0.998724367869039","0.9607334691609557","0.9295478805826246"
"Agri-Foundation-145k","flat","2031","temperature_scaled","0","0.05730799719046442","0.1111111111111111","0.00030990668365414413"
"Agri-Foundation-145k","flat","2031","temperature_scaled","1","0.10565821464969645","0.2265625","0.004407561723081161"
"Agri-Foundation-145k","flat","2031","temperature_scaled","2","0.1715355178023485","0.26666666666666666","0.005681622533659309"
"Agri-Foundation-145k","flat","2031","temperature_scaled","3","0.23519912462073245","0.23868312757201646","0.008367480458661892"
"Agri-Foundation-145k","flat","2031","temperature_scaled","4","0.29958736785341705","0.312","0.008608518990392893"
"Agri-Foundation-145k","flat","2031","temperature_scaled","5","0.3670908308222432","0.3939393939393939","0.009090596053854896"
"Agri-Foundation-145k","flat","2031","temperature_scaled","6","0.43320745712635694","0.42292490118577075","0.008711821218277608"
"Agri-Foundation-145k","flat","2031","temperature_scaled","7","0.5008973718937498","0.48563218390804597","0.011983058434626907"
"Agri-Foundation-145k","flat","2031","temperature_scaled","8","0.5692838300976394","0.5541795665634675","0.011122206535587617"
"Agri-Foundation-145k","flat","2031","temperature_scaled","9","0.633486563187555","0.5875370919881305","0.011604283599049619"
"Agri-Foundation-145k","flat","2031","temperature_scaled","10","0.7013331194188764","0.6172506738544474","0.012775042181743053"
"Agri-Foundation-145k","flat","2031","temperature_scaled","11","0.7684228393824535","0.6099476439790575","0.01315381701732034"
"Agri-Foundation-145k","flat","2031","temperature_scaled","12","0.8350551773902076","0.7329749103942652","0.019214214386556936"
"Agri-Foundation-145k","flat","2031","temperature_scaled","13","0.9041677285495254","0.7906215921483097","0.03157604765676113"
"Agri-Foundation-145k","flat","2031","temperature_scaled","14","0.9945039907968856","0.9869350426652513","0.8433938225267725"
"Agri-Foundation-145k","flat","2032","raw","0","0.12645353935827439","0.0","3.443407596157157e-05"
"Agri-Foundation-145k","flat","2032","raw","1","0.1824058532737057","0.14285714285714285","0.000241038531731001"
"Agri-Foundation-145k","flat","2032","raw","2","0.2378497877912209","0.15384615384615385","0.00044764298750043043"
"Agri-Foundation-145k","flat","2032","raw","3","0.3023213590275818","0.1702127659574468","0.001618401570193864"
"Agri-Foundation-145k","flat","2032","raw","4","0.36781166597406745","0.19736842105263158","0.0026169897730794396"
"Agri-Foundation-145k","flat","2032","raw","5","0.4331700728350186","0.21296296296296297","0.0037188802038497296"
"Agri-Foundation-145k","flat","2032","raw","6","0.5039350102222053","0.3","0.005509452153851451"
"Agri-Foundation-145k","flat","2032","raw","7","0.5687933206034189","0.36180904522613067","0.006852381116352743"
"Agri-Foundation-145k","flat","2032","raw","8","0.6341535818869688","0.4444444444444444","0.006817947040391171"
"Agri-Foundation-145k","flat","2032","raw","9","0.7027010066115593","0.3972602739726027","0.007541062635584174"
"Agri-Foundation-145k","flat","2032","raw","10","0.768069091458396","0.40336134453781514","0.008195310078854033"
"Agri-Foundation-145k","flat","2032","raw","11","0.8356866707047451","0.4716312056737589","0.009710409421163184"
"Agri-Foundation-145k","flat","2032","raw","12","0.9022829337079271","0.5108225108225108","0.015908543094246066"
"Agri-Foundation-145k","flat","2032","raw","13","0.9986960335479127","0.960563797121823","0.9307875073172411"
"Agri-Foundation-145k","flat","2032","temperature_scaled","0","0.056872274165529806","0.125","0.00027547260769257255"
"Agri-Foundation-145k","flat","2032","temperature_scaled","1","0.10289168019081908","0.1721311475409836","0.004200957267311732"
"Agri-Foundation-145k","flat","2032","temperature_scaled","2","0.1676180536070626","0.2356020942408377","0.00657690850866017"
"Agri-Foundation-145k","flat","2032","temperature_scaled","3","0.23187109094200037","0.31555555555555553","0.007747667091353603"
"Agri-Foundation-145k","flat","2032","temperature_scaled","4","0.3019900372638885","0.32158590308370044","0.007816535243276747"
"Agri-Foundation-145k","flat","2032","temperature_scaled","5","0.3657098672922337","0.39737991266375544","0.00788540339519989"
"Agri-Foundation-145k","flat","2032","temperature_scaled","6","0.4341064758997008","0.43859649122807015","0.009813711649047898"
"Agri-Foundation-145k","flat","2032","temperature_scaled","7","0.5015175218097491","0.45426829268292684","0.011294376915395475"
"Agri-Foundation-145k","flat","2032","temperature_scaled","8","0.5668314814665473","0.5087719298245614","0.011776453978857477"
"Agri-Foundation-145k","flat","2032","temperature_scaled","9","0.6323382630303049","0.5811965811965812","0.012086360662511621"
"Agri-Foundation-145k","flat","2032","temperature_scaled","10","0.7001361641993981","0.6052631578947368","0.013084948865397197"
"Agri-Foundation-145k","flat","2032","temperature_scaled","11","0.766934814553732","0.6823266219239373","0.015392031954822492"
"Agri-Foundation-145k","flat","2032","temperature_scaled","12","0.8349316803121496","0.7333333333333333","0.018594401019248648"
"Agri-Foundation-145k","flat","2032","temperature_scaled","13","0.9045965994669546","0.8011904761904762","0.02892462380772012"
"Agri-Foundation-145k","flat","2032","temperature_scaled","14","0.9945661070353886","0.9873603522792139","0.8445301470335044"
"Agri-Foundation-145k","flat","2033","raw","0","0.17907814814707912","0.0","0.00027547260769257255"
"Agri-Foundation-145k","flat","2033","raw","1","0.2354757675499491","0.14285714285714285","0.000482077063462002"
"Agri-Foundation-145k","flat","2033","raw","2","0.306304677112695","0.27906976744186046","0.0014806652663475776"
"Agri-Foundation-145k","flat","2033","raw","3","0.36726064310283507","0.1375","0.0027547260769257256"
"Agri-Foundation-145k","flat","2033","raw","4","0.43345179032751435","0.2727272727272727","0.0030301986846182983"
"Agri-Foundation-145k","flat","2033","raw","5","0.5037582692885756","0.3539325842696629","0.0061292655211597396"
"Agri-Foundation-145k","flat","2033","raw","6","0.5667505054346046","0.37155963302752293","0.007506628559622602"
"Agri-Foundation-145k","flat","2033","raw","7","0.6338077647712596","0.42786069651741293","0.006921249268275886"
"Agri-Foundation-145k","flat","2033","raw","8","0.6984344167778447","0.41818181818181815","0.007575496711545746"
"Agri-Foundation-145k","flat","2033","raw","9","0.7679936547087735","0.40772532188841204","0.008023139699046175"
"Agri-Foundation-145k","flat","2033","raw","10","0.8347521356193867","0.42704626334519574","0.009675975345201612"
"Agri-Foundation-145k","flat","2033","raw","11","0.902896650982214","0.5409429280397022","0.013876932612513344"
"Agri-Foundation-145k","flat","2033","raw","12","0.9987333094859375","0.9602940090123365","0.9322681725835887"
"Agri-Foundation-145k","flat","2033","temperature_scaled","0","0.05712306884590983","0.1","0.0003443407596157157"
"Agri-Foundation-145k","flat","2033","temperature_scaled","1","0.10590585233165498","0.20634920634920634","0.004338693571158018"
"Agri-Foundation-145k","flat","2033","temperature_scaled","2","0.16790415731788366","0.23113207547169812","0.007300024103853173"
"Agri-Foundation-145k","flat","2033","temperature_scaled","3","0.2328023847168178","0.3257918552036199","0.007609930787507317"
"Agri-Foundation-145k","flat","2033","temperature_scaled","4","0.29935936375220207","0.3926940639269406","0.007541062635584174"
"Agri-Foundation-145k","flat","2033","temperature_scaled","5","0.3675651170741033","0.4187725631768953","0.009538239041355326"
"Agri-Foundation-145k","flat","2033","temperature_scaled","6","0.4362224808998578","0.47107438016528924","0.00833304638270032"
"Agri-Foundation-145k","flat","2033","temperature_scaled","7","0.5002276442750149","0.4853801169590643","0.011776453978857477"
"Agri-Foundation-145k","flat","2033","temperature_scaled","8","0.5671009667562761","0.5126582278481012","0.010881168003856617"
"Agri-Foundation-145k","flat","2033","temperature_scaled","9","0.6350409716178134","0.5882352941176471","0.011122206535587617"
"Agri-Foundation-145k","flat","2033","temperature_scaled","10","0.6991263272368449","0.6197183098591549","0.012224096966357907"
"Agri-Foundation-145k","flat","2033","temperature_scaled","11","0.7664238312109732","0.6876513317191283","0.01422127337212906"
"Agri-Foundation-145k","flat","2033","temperature_scaled","12","0.834704234366462","0.696113074204947","0.019489686994249508"
"Agri-Foundation-145k","flat","2033","temperature_scaled","13","0.9040838125210303","0.8115606936416185","0.02978547570675941"
"Agri-Foundation-145k","flat","2033","temperature_scaled","14","0.9947501488870457","0.9864380548994054","0.8454943011604283"
"Agri-Foundation-145k","flat","2034","raw","0","0.16597460288770205","0.0","0.00013773630384628628"
"Agri-Foundation-145k","flat","2034","raw","1","0.23773804706776633","0.3181818181818182","0.0007575496711545746"
"Agri-Foundation-145k","flat","2034","raw","2","0.30727244967943895","0.11904761904761904","0.001446231190386006"
"Agri-Foundation-145k","flat","2034","raw","3","0.3706202150805158","0.17391304347826086","0.0023759512413484385"
"Agri-Foundation-145k","flat","2034","raw","4","0.4367426383706432","0.2708333333333333","0.003305671292310871"
"Agri-Foundation-145k","flat","2034","raw","5","0.5041857363028283","0.27044025157232704","0.00547501807788988"
"Agri-Foundation-145k","flat","2034","raw","6","0.5651570095618847","0.32432432432432434","0.007644364863468889"
"Agri-Foundation-145k","flat","2034","raw","7","0.6336927787172705","0.4267241379310345","0.007988705623084605"
"Agri-Foundation-145k","flat","2034","raw","8","0.6997682914183779","0.397196261682243","0.007368892255776316"
"Agri-Foundation-145k","flat","2034","raw","9","0.7684037122887838","0.44214876033057854","0.00833304638270032"
"Agri-Foundation-145k","flat","2034","raw","10","0.8338362151967855","0.5170068027210885","0.010123618332702042"
"Agri-Foundation-145k","flat","2034","raw","11","0.9036120025541998","0.5076923076923077","0.015667504562515065"
"Agri-Foundation-145k","flat","2034","raw","12","0.9986685418625315","0.9610226009633197","0.9293757102028167"
"Agri-Foundation-145k","flat","2034","temperature_scaled","0","0.05819774514921129","0.25","0.00027547260769257255"
"Agri-Foundation-145k","flat","2034","temperature_scaled","1","0.10769164711987302","0.1724137931034483","0.003994352811542303"
"Agri-Foundation-145k","flat","2034","temperature_scaled","2","0.16930741615314537","0.18716577540106952","0.006439172204813884"
"Agri-Foundation-145k","flat","2034","temperature_scaled","3","0.23575015746837122","0.2651162790697674","0.007403326331737888"
"Agri-Foundation-145k","flat","2034","temperature_scaled","4","0.30136693032599626","0.3815789473684211","0.007850969319238317"
"Agri-Foundation-145k","flat","2034","temperature_scaled","5","0.36973978871439744","0.4489051094890511","0.00943493681347061"
"Agri-Foundation-145k","flat","2034","temperature_scaled","6","0.4333795003458191","0.43686006825938567","0.01008918425674047"
"Agri-Foundation-145k","flat","2034","temperature_scaled","7","0.4999865032015049","0.473972602739726","0.012568437725973623"
"Agri-Foundation-145k","flat","2034","temperature_scaled","8","0.5652788470930649","0.5743440233236151","0.011810888054819049"
"Agri-Foundation-145k","flat","2034","temperature_scaled","9","0.6334462227847457","0.5391849529780565","0.01098447023174133"
"Agri-Foundation-145k","flat","2034","temperature_scaled","10","0.7003573595931668","0.5734072022160664","0.012430701422127337"
"Agri-Foundation-145k","flat","2034","temperature_scaled","11","0.7685016421518651","0.7002341920374707","0.01470335043559106"
"Agri-Foundation-145k","flat","2034","temperature_scaled","12","0.8356784251698703","0.7140039447731755","0.017458076512516785"
"Agri-Foundation-145k","flat","2034","temperature_scaled","13","0.9044157020610167","0.7951167728237792","0.03243689955580042"
"Agri-Foundation-145k","flat","2034","temperature_scaled","14","0.9946686634148945","0.9881419692508996","0.8421197617161943"
"Agri-Foundation-145k","flat","2035","raw","0","0.10889880567730459","0.0","6.886815192314314e-05"
"Agri-Foundation-145k","flat","2035","raw","1","0.17610270674834952","0.16666666666666666","0.00020660445576942943"
"Agri-Foundation-145k","flat","2035","raw","2","0.24091145596778105","0.1","0.0006886815192314314"
"Agri-Foundation-145k","flat","2035","raw","3","0.30544609172456805","0.2631578947368421","0.0013084948865397198"
"Agri-Foundation-145k","flat","2035","raw","4","0.3680654808316497","0.3670886075949367","0.002720292000964154"
"Agri-Foundation-145k","flat","2035","raw","5","0.4307117600827272","0.12903225806451613","0.0032023690644261563"
"Agri-Foundation-145k","flat","2035","raw","6","0.5033006150147072","0.3221476510067114","0.005130677318274164"
"Agri-Foundation-145k","flat","2035","raw","7","0.5656000201395199","0.3251231527093596","0.006990117420199029"
"Agri-Foundation-145k","flat","2035","raw","8","0.6343787701515539","0.3712871287128713","0.006955683344237458"
"Agri-Foundation-145k","flat","2035","raw","9","0.7016175541495085","0.40096618357487923","0.007127853724045315"
"Agri-Foundation-145k","flat","2035","raw","10","0.765319651356964","0.4307692307692308","0.008952859750008608"
"Agri-Foundation-145k","flat","2035","raw","11","0.8338139952624896","0.47266881028938906","0.010708997624048758"
"Agri-Foundation-145k","flat","2035","raw","12","0.9022335838270652","0.5377777777777778","0.015495334182707206"
"Agri-Foundation-145k","flat","2035","raw","13","0.9987198444308987","0.9613633840346397","0.9304431665576254"
"Agri-Foundation-145k","flat","2035","temperature_scaled","0","0.053057697254180136","0.1","0.0003443407596157157"
"Agri-Foundation-145k","flat","2035","temperature_scaled","1","0.10427324770337736","0.2222222222222222","0.004648600254812162"
"Agri-Foundation-145k","flat","2035","temperature_scaled","2","0.16949304007922686","0.24861878453038674","0.0062325677490444546"
"Agri-Foundation-145k","flat","2035","temperature_scaled","3","0.23479896446391763","0.3101851851851852","0.007437760407699459"
"Agri-Foundation-145k","flat","2035","temperature_scaled","4","0.2997219906693287","0.38839285714285715","0.007713233015392032"
"Agri-Foundation-145k","flat","2035","temperature_scaled","5","0.3654880433951501","0.3852140077821012","0.008849557522123894"
"Agri-Foundation-145k","flat","2035","temperature_scaled","6","0.434021914657629","0.4708029197080292","0.00943493681347061"
"Agri-Foundation-145k","flat","2035","temperature_scaled","7","0.501099684959678","0.4946236559139785","0.012809476257704625"
"Agri-Foundation-145k","flat","2035","temperature_scaled","8","0.5657106496538644","0.5202492211838006","0.011053338383664475"
"Agri-Foundation-145k","flat","2035","temperature_scaled","9","0.6340999458689778","0.5828571428571429","0.012051926586550049"
"Agri-Foundation-145k","flat","2035","temperature_scaled","10","0.7000411674121778","0.5743440233236151","0.011810888054819049"
"Agri-Foundation-145k","flat","2035","temperature_scaled","11","0.7686145163957148","0.6710182767624021","0.013188251093281912"
"Agri-Foundation-145k","flat","2035","temperature_scaled","12","0.8343273400164894","0.6992753623188406","0.019007609930787508"
"Agri-Foundation-145k","flat","2035","temperature_scaled","13","0.9039959308535193","0.7878077373974208","0.02937226679522055"
"Agri-Foundation-145k","flat","2035","temperature_scaled","14","0.9947213570432898","0.9881562881562882","0.8460452463758135"
"Agri-Foundation-145k","dual_none","2031","raw","0","0.1797904729166287","0.0","0.00013773630384628628"
"Agri-Foundation-145k","dual_none","2031","raw","1","0.2418461711119191","0.13636363636363635","0.0007575496711545746"
"Agri-Foundation-145k","dual_none","2031","raw","2","0.29615224555461694","0.2608695652173913","0.0015839674942322922"
"Agri-Foundation-145k","dual_none","2031","raw","3","0.3691448914170315","0.22033898305084745","0.002031610481732723"
"Agri-Foundation-145k","dual_none","2031","raw","4","0.43630193392660477","0.2765957446808511","0.003236803140387728"
"Agri-Foundation-145k","dual_none","2031","raw","5","0.5016669680834447","0.2760416666666667","0.006611342584621742"
"Agri-Foundation-145k","dual_none","2031","raw","6","0.5679094248671321","0.34285714285714286","0.008436348610585035"
"Agri-Foundation-145k","dual_none","2031","raw","7","0.6334801826074111","0.39166666666666666","0.008264178230777177"
"Agri-Foundation-145k","dual_none","2031","raw","8","0.7000534930650781","0.3790322580645161","0.00853965083846975"
"Agri-Foundation-145k","dual_none","2031","raw","9","0.7675002532364952","0.44982698961937717","0.009951447952894184"
"Agri-Foundation-145k","dual_none","2031","raw","10","0.8331891857697942","0.4773413897280967","0.01139767914328019"
"Agri-Foundation-145k","dual_none","2031","raw","11","0.903190578566563","0.5157232704402516","0.01642505423366964"
"Agri-Foundation-145k","dual_none","2031","raw","12","0.9986120292268791","0.9637232216167799","0.9226266313143486"
"Agri-Foundation-145k","dual_none","2031","temperature_scaled","0","0.0610698386631535","0.0","0.00017217037980785785"
"Agri-Foundation-145k","dual_none","2031","temperature_scaled","1","0.10557938467390979","0.20408163265306123","0.003374539444234014"
"Agri-Foundation-145k","dual_none","2031","temperature_scaled","2","0.16670625062193908","0.26143790849673204","0.00526841362212045"
"Agri-Foundation-145k","dual_none","2031","temperature_scaled","3","0.2356425306418633","0.2523809523809524","0.00723115595193003"
"Agri-Foundation-145k","dual_none","2031","temperature_scaled","4","0.30037833399574543","0.2798165137614679","0.007506628559622602"
"Agri-Foundation-145k","dual_none","2031","temperature_scaled","5","0.36648322108710735","0.3875968992248062","0.008883991598085466"
"Agri-Foundation-145k","dual_none","2031","temperature_scaled","6","0.4330544795052544","0.39473684210526316","0.010467959092317758"
"Agri-Foundation-145k","dual_none","2031","temperature_scaled","7","0.501565586580518","0.4401041666666667","0.013222685169243483"
"Agri-Foundation-145k","dual_none","2031","temperature_scaled","8","0.5660415422520828","0.5241730279898219","0.013532591852897628"
"Agri-Foundation-145k","dual_none","2031","temperature_scaled","9","0.6331354740341931","0.5472222222222223","0.012396267346165765"
"Agri-Foundation-145k","dual_none","2031","temperature_scaled","10","0.7010503589004404","0.6206896551724138","0.012981646637512482"
"Agri-Foundation-145k","dual_none","2031","temperature_scaled","11","0.7665324921961899","0.6628959276018099","0.015219861575014634"
"Agri-Foundation-145k","dual_none","2031","temperature_scaled","12","0.8369258932648952","0.7336860670194003","0.019524121070211082"
"Agri-Foundation-145k","dual_none","2031","temperature_scaled","13","0.9032097133011026","0.8335100742311771","0.032471333631761995"
"Agri-Foundation-145k","dual_none","2031","temperature_scaled","14","0.9947117934767731","0.9881211722635538","0.8377466340690748"
"Agri-Foundation-145k","dual_none","2032","raw","0","0.18213863772970743","0.0","0.00010330222788471471"
"Agri-Foundation-145k","dual_none","2032","raw","1","0.24046529087404317","0.21052631578947367","0.0006542474432698599"
"Agri-Foundation-145k","dual_none","2032","raw","2","0.30301788418133896","0.17857142857142858","0.000964154126924004"
"Agri-Foundation-145k","dual_none","2032","raw","3","0.3680279187231452","0.23880597014925373","0.0023070830894252954"
"Agri-Foundation-145k","dual_none","2032","raw","4","0.4351626250856908","0.1836734693877551","0.003374539444234014"
"Agri-Foundation-145k","dual_none","2032","raw","5","0.5043715776136837","0.3018867924528302","0.00547501807788988"
"Agri-Foundation-145k","dual_none","2032","raw","6","0.5672536639135078","0.3807531380753138","0.008229744154815605"
"Agri-Foundation-145k","dual_none","2032","raw","7","0.6318186267360748","0.41346153846153844","0.007162287800006887"
"Agri-Foundation-145k","dual_none","2032","raw","8","0.7001665148402317","0.37089201877934275","0.007334458179814745"
"Agri-Foundation-145k","dual_none","2032","raw","9","0.7672286775950089","0.4230769230769231","0.008057573775007747"
"Agri-Foundation-145k","dual_none","2032","raw","10","0.8346021790793082","0.5228758169934641","0.0105368272442409"
"Agri-Foundation-145k","dual_none","2032","raw","11","0.9039522912761933","0.5515695067264574","0.01535759787886092"
"Agri-Foundation-145k","dual_none","2032","raw","12","0.998587979074135","0.9614374005403205","0.9304431665576254"
"Agri-Foundation-145k","dual_none","2032","temperature_scaled","0","0.06184515570431409","0.25","0.00013773630384628628"
"Agri-Foundation-145k","dual_none","2032","temperature_scaled","1","0.105525121765122","0.15053763440860216","0.0032023690644261563"
"Agri-Foundation-145k","dual_none","2032","temperature_scaled","2","0.16735541717117655","0.19254658385093168","0.005543886229813023"
"Agri-Foundation-145k","dual_none","2032","temperature_scaled","3","0.23571942876870405","0.3241758241758242","0.006267001825006026"
"Agri-Foundation-145k","dual_none","2032","temperature_scaled","4","0.30226403979621536","0.32701421800947866","0.007265590027891602"
"Agri-Foundation-145k","dual_none","2032","temperature_scaled","5","0.3674535723452958","0.4163424124513619","0.008849557522123894"
"Agri-Foundation-145k","dual_none","2032","temperature_scaled","6","0.4347765371423245","0.47191011235955055","0.00919389828173961"
"Agri-Foundation-145k","dual_none","2032","temperature_scaled","7","0.5017077570920333","0.45429362880886426","0.012430701422127337"
"Agri-Foundation-145k","dual_none","2032","temperature_scaled","8","0.5669323691413929","0.49157303370786515","0.012258531042319479"
"Agri-Foundation-145k","dual_none","2032","temperature_scaled","9","0.6337699021853981","0.5922865013774105","0.012499569574050481"
"Agri-Foundation-145k","dual_none","2032","temperature_scaled","10","0.698680603837759","0.6340057636887608","0.011948624358665335"
"Agri-Foundation-145k","dual_none","2032","temperature_scaled","11","0.7684251535451827","0.6715328467153284","0.014152405220205916"
"Agri-Foundation-145k","dual_none","2032","temperature_scaled","12","0.8344989811987533","0.7050847457627119","0.020316104817327228"
"Agri-Foundation-145k","dual_none","2032","temperature_scaled","13","0.9041797598261174","0.8176352705410822","0.034365207809648426"
"Agri-Foundation-145k","dual_none","2032","temperature_scaled","14","0.9939079318960485","0.9878068739770868","0.8415688165008092"
"Agri-Foundation-145k","dual_none","2033","raw","0","0.1699463872870066","0.125","0.00027547260769257255"
"Agri-Foundation-145k","dual_none","2033","raw","1","0.25047552199791817","0.07692307692307693","0.00044764298750043043"
"Agri-Foundation-145k","dual_none","2033","raw","2","0.29837093876731546","0.08571428571428572","0.001205192658655005"
"Agri-Foundation-145k","dual_none","2033","raw","3","0.36608646499745795","0.26785714285714285","0.001928308253848008"
"Agri-Foundation-145k","dual_none","2033","raw","4","0.43828351930711","0.18181818181818182","0.0030301986846182983"
"Agri-Foundation-145k","dual_none","2033","raw","5","0.504890183862718","0.3621621621621622","0.006370304052890741"
"Agri-Foundation-145k","dual_none","2033","raw","6","0.5661893893368465","0.3888888888888889","0.007437760407699459"
"Agri-Foundation-145k","dual_none","2033","raw","7","0.6331770053003217","0.3933649289099526","0.007265590027891602"
"Agri-Foundation-145k","dual_none","2033","raw","8","0.7009111500770409","0.41422594142259417","0.008229744154815605"
"Agri-Foundation-145k","dual_none","2033","raw","9","0.76844191078019","0.44298245614035087","0.007850969319238317"
"Agri-Foundation-145k","dual_none","2033","raw","10","0.8340657619459452","0.4411764705882353","0.0105368272442409"
"Agri-Foundation-145k","dual_none","2033","raw","11","0.9022453061041944","0.5138592750533049","0.01614958162597707"
"Agri-Foundation-145k","dual_none","2033","raw","12","0.9986021823250278","0.9632786156297477","0.929272407974932"
"Agri-Foundation-145k","dual_none","2033","temperature_scaled","0","0.05511925572033015","0.1111111111111111","0.00030990668365414413"
"Agri-Foundation-145k","dual_none","2033","temperature_scaled","1","0.10476072712163545","0.20454545454545456","0.0030301986846182983"
"Agri-Foundation-145k","dual_none","2033","temperature_scaled","2","0.16908475817012442","0.1794871794871795","0.005371715850005165"
"Agri-Foundation-145k","dual_none","2033","temperature_scaled","3","0.2340304050696073","0.2843601895734597","0.007265590027891602"
"Agri-Foundation-145k","dual_none","2033","temperature_scaled","4","0.3028199721621601","0.33490566037735847","0.007300024103853173"
"Agri-Foundation-145k","dual_none","2033","temperature_scaled","5","0.36830865026921916","0.37453183520599254","0.00919389828173961"
"Agri-Foundation-145k","dual_none","2033","temperature_scaled","6","0.4336138975689317","0.4676258992805755","0.009572673117316896"
"Agri-Foundation-145k","dual_none","2033","temperature_scaled","7","0.5013485716300617","0.543026706231454","0.011604283599049619"
"Agri-Foundation-145k","dual_none","2033","temperature_scaled","8","0.5663055101149603","0.4984894259818731","0.01139767914328019"
"Agri-Foundation-145k","dual_none","2033","temperature_scaled","9","0.633134794764164","0.5431754874651811","0.012361833270204193"
"Agri-Foundation-145k","dual_none","2033","temperature_scaled","10","0.700798260463938","0.6051948051948052","0.013257119245205055"
"Agri-Foundation-145k","dual_none","2033","temperature_scaled","11","0.76703754442006","0.6868250539956804","0.015942977170207637"
"Agri-Foundation-145k","dual_none","2033","temperature_scaled","12","0.8340862876540707","0.7188081936685289","0.018491098791363934"
"Agri-Foundation-145k","dual_none","2033","temperature_scaled","13","0.9049466463876571","0.8202614379084967","0.031610481732722705"
"Agri-Foundation-145k","dual_none","2033","temperature_scaled","14","0.9942774445294477","0.988199265006125","0.8432905202988877"
"Agri-Foundation-145k","dual_none","2034","raw","0","0.17449386205616474","0.0","0.00017217037980785785"
"Agri-Foundation-145k","dual_none","2034","raw","1","0.2453568154127644","0.14285714285714285","0.000482077063462002"
"Agri-Foundation-145k","dual_none","2034","raw","2","0.3051907345033374","0.28205128205128205","0.0013429289625012913"
"Agri-Foundation-145k","dual_none","2034","raw","3","0.3670452724180573","0.13333333333333333","0.0015495334182707206"
"Agri-Foundation-145k","dual_none","2034","raw","4","0.4328013611522893","0.1956521739130435","0.0031679349884645843"
"Agri-Foundation-145k","dual_none","2034","raw","5","0.507432762810846","0.3435897435897436","0.006714644812506457"
"Agri-Foundation-145k","dual_none","2034","raw","6","0.5671078243602886","0.39035087719298245","0.007850969319238317"
"Agri-Foundation-145k","dual_none","2034","raw","7","0.632891396419365","0.35802469135802467","0.008367480458661892"
"Agri-Foundation-145k","dual_none","2034","raw","8","0.7008579263838669","0.41509433962264153","0.007300024103853173"
"Agri-Foundation-145k","dual_none","2034","raw","9","0.7680741744200353","0.4139194139194139","0.00940050273750904"
"Agri-Foundation-145k","dual_none","2034","raw","10","0.8348107250221821","0.4868804664723032","0.011810888054819049"
"Agri-Foundation-145k","dual_none","2034","raw","11","0.9020801493403927","0.5219298245614035","0.015701938638476635"
"Agri-Foundation-145k","dual_none","2034","raw","12","0.9986446826184457","0.9631171921475312","0.926138907062429"
"Agri-Foundation-145k","dual_none","2034","temperature_scaled","0","0.05587289648880818","0.125","0.00027547260769257255"
"Agri-Foundation-145k","dual_none","2034","temperature_scaled","1","0.10692083002366226","0.1728395061728395","0.002789160152887297"
"Agri-Foundation-145k","dual_none","2034","temperature_scaled","2","0.16840177433105943","0.2549019607843137","0.00526841362212045"
"Agri-Foundation-145k","dual_none","2034","temperature_scaled","3","0.23412837342229484","0.2765957446808511","0.006473606280775456"
"Agri-Foundation-145k","dual_none","2034","temperature_scaled","4","0.30227612550152627","0.30869565217391304","0.007919837471161461"
"Agri-Foundation-145k","dual_none","2034","temperature_scaled","5","0.367528734803541","0.34944237918215615","0.009262766433662752"
"Agri-Foundation-145k","dual_none","2034","temperature_scaled","6","0.4334213617509144","0.444794952681388","0.010915602079818188"
"Agri-Foundation-145k","dual_none","2034","temperature_scaled","7","0.5022446914037543","0.4891304347826087","0.012671739953858337"
"Agri-Foundation-145k","dual_none","2034","temperature_scaled","8","0.567129901146332","0.48066298342541436","0.012465135498088909"
"Agri-Foundation-145k","dual_none","2034","temperature_scaled","9","0.6335223588349962","0.5896739130434783","0.012671739953858337"
"Agri-Foundation-145k","dual_none","2034","temperature_scaled","10","0.6979094141347053","0.6639344262295082","0.012602871801935195"
"Agri-Foundation-145k","dual_none","2034","temperature_scaled","11","0.7702238736125075","0.671201814058957","0.015185427499053062"
"Agri-Foundation-145k","dual_none","2034","temperature_scaled","12","0.8360294543101944","0.740418118466899","0.01976515960194208"
"Agri-Foundation-145k","dual_none","2034","temperature_scaled","13","0.9044646393192232","0.8174603174603174","0.03470954856926414"
"Agri-Foundation-145k","dual_none","2034","temperature_scaled","14","0.9938435981187529","0.9881109099884812","0.8370235184738818"
"Agri-Foundation-145k","dual_none","2035","raw","0","0.18033263967063193","0.0","0.000241038531731001"
"Agri-Foundation-145k","dual_none","2035","raw","1","0.23411779488783982","0.07142857142857142","0.000482077063462002"
"Agri-Foundation-145k","dual_none","2035","raw","2","0.299861575651705","0.17647058823529413","0.0011707585826934335"
"Agri-Foundation-145k","dual_none","2035","raw","3","0.3685650399360911","0.13043478260869565","0.0023759512413484385"
"Agri-Foundation-145k","dual_none","2035","raw","4","0.4350209707798293","0.21428571428571427","0.003374539444234014"
"Agri-Foundation-145k","dual_none","2035","raw","5","0.503982327539053","0.2849462365591398","0.006404738128852313"
"Agri-Foundation-145k","dual_none","2035","raw","6","0.5644390836381821","0.37089201877934275","0.007334458179814745"
"Agri-Foundation-145k","dual_none","2035","raw","7","0.6337894234877182","0.3761467889908257","0.007506628559622602"
"Agri-Foundation-145k","dual_none","2035","raw","8","0.6998890394383709","0.39408866995073893","0.006990117420199029"
"Agri-Foundation-145k","dual_none","2035","raw","9","0.7674036125216293","0.430327868852459","0.008401914534623463"
"Agri-Foundation-145k","dual_none","2035","raw","10","0.8349700942692432","0.49846153846153846","0.01119107468751076"
"Agri-Foundation-145k","dual_none","2035","raw","11","0.9026409777344995","0.4863731656184486","0.01642505423366964"
"Agri-Foundation-145k","dual_none","2035","raw","12","0.9986067768966883","0.9625273624457389","0.9281016493922386"
"Agri-Foundation-145k","dual_none","2035","temperature_scaled","0","0.05125886487660899","0.0","0.00020660445576942943"
"Agri-Foundation-145k","dual_none","2035","temperature_scaled","1","0.10819335551256692","0.102803738317757","0.003684446127888158"
"Agri-Foundation-145k","dual_none","2035","temperature_scaled","2","0.16823647025683824","0.18652849740932642","0.006645776660583313"
"Agri-Foundation-145k","dual_none","2035","temperature_scaled","3","0.2328311179823787","0.29891304347826086","0.006335869976929169"
"Agri-Foundation-145k","dual_none","2035","temperature_scaled","4","0.29965411516441437","0.36666666666666664","0.00723115595193003"
"Agri-Foundation-145k","dual_none","2035","temperature_scaled","5","0.36737441383046493","0.3907563025210084","0.008195310078854033"
"Agri-Foundation-145k","dual_none","2035","temperature_scaled","6","0.4352290189492461","0.43018867924528303","0.009125030129816466"
"Agri-Foundation-145k","dual_none","2035","temperature_scaled","7","0.49863759698354176","0.4583333333333333","0.012396267346165765"
"Agri-Foundation-145k","dual_none","2035","temperature_scaled","8","0.5668125042913102","0.5211267605633803","0.012224096966357907"
"Agri-Foundation-145k","dual_none","2035","temperature_scaled","9","0.6332213435124444","0.5606936416184971","0.011914190282703763"
"Agri-Foundation-145k","dual_none","2035","temperature_scaled","10","0.6996929016110869","0.6037735849056604","0.014600048207706346"
"Agri-Foundation-145k","dual_none","2035","temperature_scaled","11","0.767820334722763","0.6555819477434679","0.014496745979821632"
"Agri-Foundation-145k","dual_none","2035","temperature_scaled","12","0.8368499941952631","0.7106598984771574","0.0203505388932888"
"Agri-Foundation-145k","dual_none","2035","temperature_scaled","13","0.9045415758632162","0.8083769633507853","0.03288454254330085"
"Agri-Foundation-145k","dual_none","2035","temperature_scaled","14","0.9947501492627285","0.9890510948905109","0.8397093763988843"
"Agri-Foundation-145k","flat","2026","raw","0","0.1740038733969611","0.1","0.0003443407596157157"
"Agri-Foundation-145k","flat","2026","raw","1","0.24151268903386272","0.11428571428571428","0.001205192658655005"
"Agri-Foundation-145k","flat","2026","raw","2","0.2994237185314393","0.0945945945945946","0.002548121621156296"
"Agri-Foundation-145k","flat","2026","raw","3","0.3676209057254655","0.19834710743801653","0.00416652319135016"
"Agri-Foundation-145k","flat","2026","raw","4","0.4344210246814915","0.2748091603053435","0.004510863950965876"
"Agri-Foundation-145k","flat","2026","raw","5","0.5033557667414751","0.3359375","0.008815123446162322"
"Agri-Foundation-145k","flat","2026","raw","6","0.5664846459440397","0.3569023569023569","0.010226920560586756"
"Agri-Foundation-145k","flat","2026","raw","7","0.6323667034388912","0.4612546125461255","0.009331634585585896"
"Agri-Foundation-145k","flat","2026","raw","8","0.6999429907806336","0.45396825396825397","0.010846733927895045"
"Agri-Foundation-145k","flat","2026","raw","9","0.7677138848514865","0.5072463768115942","0.011879756206742193"
"Agri-Foundation-145k","flat","2026","raw","10","0.832913647443787","0.5261845386533666","0.0138080644605902"
"Agri-Foundation-145k","flat","2026","raw","11","0.9035777288398815","0.5775401069518716","0.01931751661444165"
"Agri-Foundation-145k","flat","2026","raw","12","0.9981504395787786","0.9691885295912142","0.9029992080162529"
"Agri-Foundation-145k","flat","2026","temperature_scaled","0","0.06546703027518701","0.0","0.00010330222788471471"
"Agri-Foundation-145k","flat","2026","temperature_scaled","1","0.10871087876773954","0.08695652173913043","0.0023759512413484385"
"Agri-Foundation-145k","flat","2026","temperature_scaled","2","0.167278243046255","0.16149068322981366","0.005543886229813023"
"Agri-Foundation-145k","flat","2026","temperature_scaled","3","0.23516690580303343","0.22685185185185186","0.007437760407699459"
"Agri-Foundation-145k","flat","2026","temperature_scaled","4","0.3013195367053377","0.3215686274509804","0.008780689370200752"
"Agri-Foundation-145k","flat","2026","temperature_scaled","5","0.36752073359716547","0.4104938271604938","0.011156640611549189"
"Agri-Foundation-145k","flat","2026","temperature_scaled","6","0.43182296173240103","0.45251396648044695","0.012327399194242623"
"Agri-Foundation-145k","flat","2026","temperature_scaled","7","0.5007733413556266","0.4781491002570694","0.013394855549051342"
"Agri-Foundation-145k","flat","2026","temperature_scaled","8","0.5661384586497122","0.5117924528301887","0.014600048207706346"
"Agri-Foundation-145k","flat","2026","temperature_scaled","9","0.6315191025716765","0.6105527638190955","0.013704762232705486"
"Agri-Foundation-145k","flat","2026","temperature_scaled","10","0.7002533583600322","0.630272952853598","0.013876932612513344"
"Agri-Foundation-145k","flat","2026","temperature_scaled","11","0.7684632901240729","0.7072649572649573","0.016115147550015495"
"Agri-Foundation-145k","flat","2026","temperature_scaled","12","0.8340579179566723","0.7598039215686274","0.0210736544884818"
"Agri-Foundation-145k","flat","2026","temperature_scaled","13","0.904298197709179","0.8174757281553398","0.035467098240418715"
"Agri-Foundation-145k","flat","2026","temperature_scaled","14","0.9941473998209815","0.988759349797334","0.8240418718363692"
"Agri-Foundation-145k","flat","2027","raw","0","0.1857766849118736","0.0","0.00010330222788471471"
"Agri-Foundation-145k","flat","2027","raw","1","0.23598375191336562","0.058823529411764705","0.0005853792913467167"
"Agri-Foundation-145k","flat","2027","raw","2","0.3049857343306022","0.12195121951219512","0.0014117971144244343"
"Agri-Foundation-145k","flat","2027","raw","3","0.37261683226121306","0.14666666666666667","0.002582555697117868"
"Agri-Foundation-145k","flat","2027","raw","4","0.4335773086253098","0.25961538461538464","0.0035811439000034435"
"Agri-Foundation-145k","flat","2027","raw","5","0.5035600187066748","0.3263157894736842","0.006542474432698599"
"Agri-Foundation-145k","flat","2027","raw","6","0.5672105463414343","0.4337899543378995","0.007541062635584174"
"Agri-Foundation-145k","flat","2027","raw","7","0.6323030209192374","0.4247787610619469","0.007782101167315175"
"Agri-Foundation-145k","flat","2027","raw","8","0.7001731984653932","0.47520661157024796","0.00833304638270032"
"Agri-Foundation-145k","flat","2027","raw","9","0.7666147933573552","0.4449152542372881","0.008126441926930891"
"Agri-Foundation-145k","flat","2027","raw","10","0.8336977277332335","0.43389830508474575","0.010158052408663614"
"Agri-Foundation-145k","flat","2027","raw","11","0.9027783411263735","0.5045045045045045","0.015288729726937778"
"Agri-Foundation-145k","flat","2027","raw","12","0.9986337160325689","0.96218783628335","0.9279639130883923"
"Agri-Foundation-145k","flat","2027","temperature_scaled","0","0.06191508910501319","0.0","0.00010330222788471471"
"Agri-Foundation-145k","flat","2027","temperature_scaled","1","0.10955543435441716","0.13333333333333333","0.003615577975965015"
"Agri-Foundation-145k","flat","2027","temperature_scaled","2","0.16901080245810202","0.23076923076923078","0.006267001825006026"
"Agri-Foundation-145k","flat","2027","temperature_scaled","3","0.23455017608045106","0.3285024154589372","0.007127853724045315"
"Agri-Foundation-145k","flat","2027","temperature_scaled","4","0.3039075692569515","0.3665338645418327","0.008642953066354464"
"Agri-Foundation-145k","flat","2027","temperature_scaled","5","0.36929319814161016","0.39846743295019155","0.00898729382597018"
"Agri-Foundation-145k","flat","2027","temperature_scaled","6","0.43482465122451974","0.4934210526315789","0.010467959092317758"
"Agri-Foundation-145k","flat","2027","temperature_scaled","7","0.5004032215080226","0.4563380281690141","0.012224096966357907"
"Agri-Foundation-145k","flat","2027","temperature_scaled","8","0.5692873832318381","0.5633333333333334","0.010330222788471472"
"Agri-Foundation-145k","flat","2027","temperature_scaled","9","0.6333190796393966","0.5578947368421052","0.013084948865397197"
"Agri-Foundation-145k","flat","2027","temperature_scaled","10","0.6997230070775933","0.56656346749226","0.011122206535587617"
"Agri-Foundation-145k","flat","2027","temperature_scaled","11","0.7681199524719585","0.6746411483253588","0.014393443751936916"
"Agri-Foundation-145k","flat","2027","temperature_scaled","12","0.8361466780236434","0.7313432835820896","0.02076374780482766"
"Agri-Foundation-145k","flat","2027","temperature_scaled","13","0.905127939806084","0.8068669527896996","0.0320925587961847"
"Agri-Foundation-145k","flat","2027","temperature_scaled","14","0.9945776880328477","0.988163984109432","0.8407768327536931"
"Agri-Foundation-145k","flat","2028","raw","0","0.18531406206349918","0.0","0.00030990668365414413"
"Agri-Foundation-145k","flat","2028","raw","1","0.24081178019735705","0.05","0.0006886815192314314"
"Agri-Foundation-145k","flat","2028","raw","2","0.30563273480388564","0.18","0.0017217037980785785"
"Agri-Foundation-145k","flat","2028","raw","3","0.3672084633102593","0.27586206896551724","0.0019971764057711513"
"Agri-Foundation-145k","flat","2028","raw","4","0.4333947736495663","0.23157894736842105","0.0032712372163492993"
"Agri-Foundation-145k","flat","2028","raw","5","0.5041988988149156","0.3045977011494253","0.0059915292173134535"
"Agri-Foundation-145k","flat","2028","raw","6","0.5658187505207444","0.39037433155080214","0.006439172204813884"
"Agri-Foundation-145k","flat","2028","raw","7","0.634357384913204","0.38425925925925924","0.007437760407699459"
"Agri-Foundation-145k","flat","2028","raw","8","0.7006635624531602","0.350210970464135","0.008160876002892463"
"Agri-Foundation-145k","flat","2028","raw","9","0.7691600289906195","0.40969162995594716","0.007816535243276747"
"Agri-Foundation-145k","flat","2028","raw","10","0.8337347663541445","0.4810606060606061","0.009090596053854896"
"Agri-Foundation-145k","flat","2028","raw","11","0.9037209502823673","0.5180180180180181","0.015288729726937778"
"Agri-Foundation-145k","flat","2028","raw","12","0.998726052842768","0.9605321507760533","0.9317860955201267"
"Agri-Foundation-145k","flat","2028","temperature_scaled","0","0.05991928210675883","0.2","0.0003443407596157157"
"Agri-Foundation-145k","flat","2028","temperature_scaled","1","0.10568583890724506","0.17692307692307693","0.004476429875004304"
"Agri-Foundation-145k","flat","2028","temperature_scaled","2","0.16842394609080186","0.23737373737373738","0.006817947040391171"
"Agri-Foundation-145k","flat","2028","temperature_scaled","3","0.23348042325682303","0.29577464788732394","0.007334458179814745"
"Agri-Foundation-145k","flat","2028","temperature_scaled","4","0.30221149656905394","0.3153846153846154","0.008952859750008608"
"Agri-Foundation-145k","flat","2028","temperature_scaled","5","0.3669260593029664","0.4279475982532751","0.00788540339519989"
"Agri-Foundation-145k","flat","2028","temperature_scaled","6","0.43467937780345095","0.49375","0.011018904307702903"
"Agri-Foundation-145k","flat","2028","temperature_scaled","7","0.4988667715787528","0.5048231511254019","0.010708997624048758"
"Agri-Foundation-145k","flat","2028","temperature_scaled","8","0.5656981028268616","0.5345345345345346","0.011466547295203333"
"Agri-Foundation-145k","flat","2028","temperature_scaled","9","0.6325486921495619","0.5558912386706949","0.01139767914328019"
"Agri-Foundation-145k","flat","2028","temperature_scaled","10","0.6998449161606434","0.6174863387978142","0.012602871801935195"
"Agri-Foundation-145k","flat","2028","temperature_scaled","11","0.7688439999853405","0.6441102756892231","0.013739196308667058"
"Agri-Foundation-145k","flat","2028","temperature_scaled","12","0.8353685971468915","0.7098646034816247","0.0178024172721325"
"Agri-Foundation-145k","flat","2028","temperature_scaled","13","0.9042251704437237","0.7885906040268457","0.030784063909644985"
"Agri-Foundation-145k","flat","2028","temperature_scaled","14","0.9944093270636363","0.9879739094985732","0.8446678833373507"
"Agri-Foundation-145k","flat","2029","raw","0","0.13304015393132687","0.0","3.443407596157157e-05"
"Agri-Foundation-145k","flat","2029","raw","1","0.17347920990917418","0.1111111111111111","0.00030990668365414413"
"Agri-Foundation-145k","flat","2029","raw","2","0.22909350139473036","0.125","0.0005509452153851451"
"Agri-Foundation-145k","flat","2029","raw","3","0.30332276589464463","0.15384615384615385","0.0013429289625012913"
"Agri-Foundation-145k","flat","2029","raw","4","0.3676425654927297","0.21621621621621623","0.002548121621156296"
"Agri-Foundation-145k","flat","2029","raw","5","0.4339190466627512","0.18333333333333332","0.004132089115388589"
"Agri-Foundation-145k","flat","2029","raw","6","0.5027072707868142","0.324468085106383","0.006473606280775456"
"Agri-Foundation-145k","flat","2029","raw","7","0.5655196233710451","0.3628691983122363","0.008160876002892463"
"Agri-Foundation-145k","flat","2029","raw","8","0.6307924938466928","0.3645320197044335","0.006990117420199029"
"Agri-Foundation-145k","flat","2029","raw","9","0.7011365490088465","0.3852813852813853","0.007954271547123033"
"Agri-Foundation-145k","flat","2029","raw","10","0.7679952234357944","0.4132231404958678","0.00833304638270032"
"Agri-Foundation-145k","flat","2029","raw","11","0.8321818094042762","0.5146198830409356","0.011776453978857477"
"Agri-Foundation-145k","flat","2029","raw","12","0.9026809489775415","0.5658198614318707","0.01490995489136049"
"Agri-Foundation-145k","flat","2029","raw","13","0.9985927006334613","0.9625362372704973","0.9264832478220447"
"Agri-Foundation-145k","flat","2029","temperature_scaled","0","0.05954293500798343","0.14285714285714285","0.000241038531731001"
"Agri-Foundation-145k","flat","2029","temperature_scaled","1","0.1069259001439752","0.18604651162790697","0.002961330532695155"
"Agri-Foundation-145k","flat","2029","temperature_scaled","2","0.16851386902777363","0.22564102564102564","0.006714644812506457"
"Agri-Foundation-145k","flat","2029","temperature_scaled","3","0.23264728583223834","0.2772727272727273","0.007575496711545746"
"Agri-Foundation-145k","flat","2029","temperature_scaled","4","0.29877096630922423","0.29333333333333333","0.007747667091353603"
"Agri-Foundation-145k","flat","2029","temperature_scaled","5","0.36632639586526844","0.39080459770114945","0.00898729382597018"
"Agri-Foundation-145k","flat","2029","temperature_scaled","6","0.43457181174946274","0.4523076923076923","0.01119107468751076"
"Agri-Foundation-145k","flat","2029","temperature_scaled","7","0.49888941985064245","0.4696969696969697","0.011363245067318619"
"Agri-Foundation-145k","flat","2029","temperature_scaled","8","0.566915362418285","0.5","0.011776453978857477"
"Agri-Foundation-145k","flat","2029","temperature_scaled","9","0.6342647594628168","0.593167701863354","0.011087772459626047"
"Agri-Foundation-145k","flat","2029","temperature_scaled","10","0.6996871905055968","0.5994623655913979","0.012809476257704625"
"Agri-Foundation-145k","flat","2029","temperature_scaled","11","0.7681041331068875","0.6610978520286396","0.014427877827898488"
"Agri-Foundation-145k","flat","2029","temperature_scaled","12","0.8351655307262894","0.7543554006968641","0.01976515960194208"
"Agri-Foundation-145k","flat","2029","temperature_scaled","13","0.903570052143608","0.8181818181818182","0.03484728487311043"
"Agri-Foundation-145k","flat","2029","temperature_scaled","14","0.9942742115674891","0.9880908381585972","0.8385041837402293"
"Agri-Foundation-145k","flat","2030","raw","0","0.11308876541768154","0.0","6.886815192314314e-05"
"Agri-Foundation-145k","flat","2030","raw","1","0.1759322708107029","0.125","0.00027547260769257255"
"Agri-Foundation-145k","flat","2030","raw","2","0.23886631207026762","0.2","0.0008608518990392892"
"Agri-Foundation-145k","flat","2030","raw","3","0.30705999107552595","0.16393442622950818","0.002100478633655866"
"Agri-Foundation-145k","flat","2030","raw","4","0.36675620633468164","0.14634146341463414","0.0028235942288488687"
"Agri-Foundation-145k","flat","2030","raw","5","0.43424706020008","0.19327731092436976","0.004097655039427017"
"Agri-Foundation-145k","flat","2030","raw","6","0.5050838235656938","0.35233160621761656","0.006645776660583313"
"Agri-Foundation-145k","flat","2030","raw","7","0.5667770518343211","0.37735849056603776","0.009125030129816466"
"Agri-Foundation-145k","flat","2030","raw","8","0.6346335555343958","0.3949579831932773","0.008195310078854033"
"Agri-Foundation-145k","flat","2030","raw","9","0.7008292439707269","0.44981412639405205","0.009262766433662752"
"Agri-Foundation-145k","flat","2030","raw","10","0.7688477165657338","0.45161290322580644","0.009607107193278468"
"Agri-Foundation-145k","flat","2030","raw","11","0.8332435476672875","0.46511627906976744","0.01184532213078062"
"Agri-Foundation-145k","flat","2030","raw","12","0.9020221677563891","0.508","0.017217037980785787"
"Agri-Foundation-145k","flat","2030","raw","13","0.9983203328184581","0.9653361344537815","0.9178747288316518"
"Agri-Foundation-145k","flat","2030","temperature_scaled","0","0.052017464933787005","0.0","0.00010330222788471471"
"Agri-Foundation-145k","flat","2030","temperature_scaled","1","0.10661875339455047","0.14285714285714285","0.002892462380772012"
"Agri-Foundation-145k","flat","2030","temperature_scaled","2","0.16966846503028526","0.17791411042944785","0.005612754381736166"
"Agri-Foundation-145k","flat","2030","temperature_scaled","3","0.2342349209880005","0.32211538461538464","0.007162287800006887"
"Agri-Foundation-145k","flat","2030","temperature_scaled","4","0.300622230558704","0.30666666666666664","0.007747667091353603"
"Agri-Foundation-145k","flat","2030","temperature_scaled","5","0.36448265660443613","0.3602693602693603","0.010226920560586756"
"Agri-Foundation-145k","flat","2030","temperature_scaled","6","0.43556629696692983","0.39867109634551495","0.010364656864433042"
"Agri-Foundation-145k","flat","2030","temperature_scaled","7","0.5008882070124093","0.4897435897435897","0.013429289625012913"
"Agri-Foundation-145k","flat","2030","temperature_scaled","8","0.5671673562074959","0.48467966573816157","0.012361833270204193"
"Agri-Foundation-145k","flat","2030","temperature_scaled","9","0.6332359942459828","0.5405405405405406","0.012740608105781481"
"Agri-Foundation-145k","flat","2030","temperature_scaled","10","0.7014915643183814","0.6166219839142091","0.012843910333666195"
"Agri-Foundation-145k","flat","2030","temperature_scaled","11","0.7687557055082574","0.6555555555555556","0.015495334182707206"
"Agri-Foundation-145k","flat","2030","temperature_scaled","12","0.8356060230680837","0.736283185840708","0.019455252918287938"
"Agri-Foundation-145k","flat","2030","temperature_scaled","13","0.9039091603072992","0.81237721021611","0.03505388932887986"
"Agri-Foundation-145k","flat","2030","temperature_scaled","14","0.9945299173213088","0.9890241386424593","0.834509830928687"
"Agri-Foundation-145k","dual_none","2026","raw","0","0.12607947242690612","0.0","3.443407596157157e-05"
"Agri-Foundation-145k","dual_none","2026","raw","1","0.17504315852567734","0.0","0.000241038531731001"
"Agri-Foundation-145k","dual_none","2026","raw","2","0.22827668751959768","0.2","0.0005165111394235736"
"Agri-Foundation-145k","dual_none","2026","raw","3","0.29954255217641035","0.034482758620689655","0.0009985882028855757"
"Agri-Foundation-145k","dual_none","2026","raw","4","0.37079896588256855","0.20634920634920634","0.002169346785579009"
"Agri-Foundation-145k","dual_none","2026","raw","5","0.43680637756150864","0.20952380952380953","0.003615577975965015"
"Agri-Foundation-145k","dual_none","2026","raw","6","0.5022743510747822","0.35384615384615387","0.006714644812506457"
"Agri-Foundation-145k","dual_none","2026","raw","7","0.5659768255318207","0.35454545454545455","0.007575496711545746"
"Agri-Foundation-145k","dual_none","2026","raw","8","0.6336395768133296","0.39712918660287083","0.007196721875968458"
"Agri-Foundation-145k","dual_none","2026","raw","9","0.6991601835398021","0.39669421487603307","0.00833304638270032"
"Agri-Foundation-145k","dual_none","2026","raw","10","0.7663493407662132","0.3888888888888889","0.008677387142316036"
"Agri-Foundation-145k","dual_none","2026","raw","11","0.8353511989833257","0.473015873015873","0.010846733927895045"
"Agri-Foundation-145k","dual_none","2026","raw","12","0.9006675640666341","0.5021739130434782","0.015839674942322923"
"Agri-Foundation-145k","dual_none","2026","raw","13","0.9985676874554423","0.9638666072489602","0.9272407974931993"
"Agri-Foundation-145k","dual_none","2026","temperature_scaled","0","0.05716495616100547","0.0","0.0003787748355772873"
"Agri-Foundation-145k","dual_none","2026","temperature_scaled","1","0.10397562847810528","0.12222222222222222","0.0030990668365414413"
"Agri-Foundation-145k","dual_none","2026","temperature_scaled","2","0.16702989872156077","0.23333333333333334","0.006198133673082883"
"Agri-Foundation-145k","dual_none","2026","temperature_scaled","3","0.2343448128262202","0.33157894736842103","0.006542474432698599"
"Agri-Foundation-145k","dual_none","2026","temperature_scaled","4","0.3001490425939666","0.32407407407407407","0.007437760407699459"
"Agri-Foundation-145k","dual_none","2026","temperature_scaled","5","0.3689883737103846","0.36186770428015563","0.008849557522123894"
"Agri-Foundation-145k","dual_none","2026","temperature_scaled","6","0.4336310070554374","0.4440894568690096","0.010777865775971902"
"Agri-Foundation-145k","dual_none","2026","temperature_scaled","7","0.5004538644708022","0.48010610079575594","0.012981646637512482"
"Agri-Foundation-145k","dual_none","2026","temperature_scaled","8","0.5680332416687689","0.5240793201133145","0.012155228814434765"
"Agri-Foundation-145k","dual_none","2026","temperature_scaled","9","0.6323163178478075","0.5536723163841808","0.012189662890396337"
"Agri-Foundation-145k","dual_none","2026","temperature_scaled","10","0.699790219291981","0.6193029490616622","0.012843910333666195"
"Agri-Foundation-145k","dual_none","2026","temperature_scaled","11","0.7693654371679657","0.6483253588516746","0.014393443751936916"
"Agri-Foundation-145k","dual_none","2026","temperature_scaled","12","0.835070798706897","0.7542372881355932","0.020316104817327228"
"Agri-Foundation-145k","dual_none","2026","temperature_scaled","13","0.9039242539727618","0.8050761421319796","0.033917564822148"
"Agri-Foundation-145k","dual_none","2026","temperature_scaled","14","0.994312672629516","0.9894797402810882","0.8379188044488826"
"Agri-Foundation-145k","dual_none","2027","raw","0","0.19132936945107948","0.0","0.00017217037980785785"
"Agri-Foundation-145k","dual_none","2027","raw","1","0.22995864377452152","0.07407407407407407","0.0009297200509624324"
"Agri-Foundation-145k","dual_none","2027","raw","2","0.3036830866049119","0.12698412698412698","0.002169346785579009"
"Agri-Foundation-145k","dual_none","2027","raw","3","0.36830840835871836","0.2736842105263158","0.0032712372163492993"
"Agri-Foundation-145k","dual_none","2027","raw","4","0.43796961870707457","0.24087591240875914","0.004717468406735305"
"Agri-Foundation-145k","dual_none","2027","raw","5","0.5030765932157196","0.30434782608695654","0.007127853724045315"
"Agri-Foundation-145k","dual_none","2027","raw","6","0.5662091672056517","0.396078431372549","0.008780689370200752"
"Agri-Foundation-145k","dual_none","2027","raw","7","0.6349325507099528","0.46303501945525294","0.008849557522123894"
"Agri-Foundation-145k","dual_none","2027","raw","8","0.7010312021770618","0.426056338028169","0.009779277573086326"
"Agri-Foundation-145k","dual_none","2027","raw","9","0.7675844553729462","0.4967948717948718","0.01074343170001033"
"Agri-Foundation-145k","dual_none","2027","raw","10","0.8343281745116727","0.4473007712082262","0.013394855549051342"
"Agri-Foundation-145k","dual_none","2027","raw","11","0.9041229427832274","0.6003552397868561","0.019386384766364794"
"Agri-Foundation-145k","dual_none","2027","raw","12","0.9981629847234621","0.9688433470715015","0.9106780069556834"
"Agri-Foundation-145k","dual_none","2027","temperature_scaled","0","0.10722746516005069","0.08536585365853659","0.0028235942288488687"
"Agri-Foundation-145k","dual_none","2027","temperature_scaled","1","0.16745757932182645","0.1875","0.005509452153851451"
"Agri-Foundation-145k","dual_none","2027","temperature_scaled","2","0.23193388088656713","0.25870646766169153","0.006921249268275886"
"Agri-Foundation-145k","dual_none","2027","temperature_scaled","3","0.3003494104280653","0.3652173913043478","0.007919837471161461"
"Agri-Foundation-145k","dual_none","2027","temperature_scaled","4","0.3693180161499853","0.4051094890510949","0.00943493681347061"
"Agri-Foundation-145k","dual_none","2027","temperature_scaled","5","0.4338317926357572","0.40683229813664595","0.011087772459626047"
"Agri-Foundation-145k","dual_none","2027","temperature_scaled","6","0.5000432650079157","0.49414519906323184","0.01470335043559106"
"Agri-Foundation-145k","dual_none","2027","temperature_scaled","7","0.5672424383180611","0.5051813471502591","0.013291553321166626"
"Agri-Foundation-145k","dual_none","2027","temperature_scaled","8","0.6350753818419508","0.5804749340369393","0.013050514789435625"
"Agri-Foundation-145k","dual_none","2027","temperature_scaled","9","0.7010341278042951","0.6607538802660754","0.015529768258668778"
"Agri-Foundation-145k","dual_none","2027","temperature_scaled","10","0.7677277672231282","0.7214428857715431","0.017182603904824213"
"Agri-Foundation-145k","dual_none","2027","temperature_scaled","11","0.8353965641757888","0.7461300309597523","0.022244413071175233"
"Agri-Foundation-145k","dual_none","2027","temperature_scaled","12","0.90396099698637","0.8580952380952381","0.03615577975965015"
"Agri-Foundation-145k","dual_none","2027","temperature_scaled","13","0.9942906938274517","0.9894292638088076","0.824145174064254"
"Agri-Foundation-145k","dual_none","2028","raw","0","0.18076799419191258","0.3333333333333333","0.00010330222788471471"
"Agri-Foundation-145k","dual_none","2028","raw","1","0.23644984499495958","0.13333333333333333","0.0005165111394235736"
"Agri-Foundation-145k","dual_none","2028","raw","2","0.3049189344717906","0.2","0.0013773630384628628"
"Agri-Foundation-145k","dual_none","2028","raw","3","0.37391968108706697","0.14754098360655737","0.002100478633655866"
"Agri-Foundation-145k","dual_none","2028","raw","4","0.4390598950960884","0.2127659574468085","0.003236803140387728"
"Agri-Foundation-145k","dual_none","2028","raw","5","0.5067431115539287","0.3176470588235294","0.005853792913467167"
"Agri-Foundation-145k","dual_none","2028","raw","6","0.5660641480722267","0.36597938144329895","0.006680210736544885"
"Agri-Foundation-145k","dual_none","2028","raw","7","0.6329834475905699","0.3627450980392157","0.007024551496160601"
"Agri-Foundation-145k","dual_none","2028","raw","8","0.7003925912562335","0.46226415094339623","0.007300024103853173"
"Agri-Foundation-145k","dual_none","2028","raw","9","0.7668744459467022","0.45867768595041325","0.00833304638270032"
"Agri-Foundation-145k","dual_none","2028","raw","10","0.83332812709668","0.496875","0.011018904307702903"
"Agri-Foundation-145k","dual_none","2028","raw","11","0.9026429831713654","0.4824561403508772","0.015701938638476635"
"Agri-Foundation-145k","dual_none","2028","raw","12","0.9986211284172501","0.9621901590825009","0.9307530732412795"
"Agri-Foundation-145k","dual_none","2028","temperature_scaled","0","0.06157246072236165","0.25","0.00013773630384628628"
"Agri-Foundation-145k","dual_none","2028","temperature_scaled","1","0.1047301968421589","0.11224489795918367","0.003374539444234014"
"Agri-Foundation-145k","dual_none","2028","temperature_scaled","2","0.16624176487017506","0.1610738255033557","0.005130677318274164"
"Agri-Foundation-145k","dual_none","2028","temperature_scaled","3","0.23473170763651444","0.28054298642533937","0.007609930787507317"
"Agri-Foundation-145k","dual_none","2028","temperature_scaled","4","0.2984388191038238","0.35096153846153844","0.007162287800006887"
"Agri-Foundation-145k","dual_none","2028","temperature_scaled","5","0.3671938565463657","0.4132231404958678","0.00833304638270032"
"Agri-Foundation-145k","dual_none","2028","temperature_scaled","6","0.4325134448194","0.47750865051903113","0.009951447952894184"
"Agri-Foundation-145k","dual_none","2028","temperature_scaled","7","0.5028117520741747","0.5178571428571429","0.011569849523088049"
"Agri-Foundation-145k","dual_none","2028","temperature_scaled","8","0.5677565095144413","0.4943181818181818","0.012120794738473193"
"Agri-Foundation-145k","dual_none","2028","temperature_scaled","9","0.6338387202349096","0.5718475073313783","0.011742019902895905"
"Agri-Foundation-145k","dual_none","2028","temperature_scaled","10","0.700338175585096","0.6346666666666667","0.01291277848558934"
"Agri-Foundation-145k","dual_none","2028","temperature_scaled","11","0.7682539897920463","0.6487068965517241","0.01597741124616921"
"Agri-Foundation-145k","dual_none","2028","temperature_scaled","12","0.8362207574376779","0.7661431064572426","0.01973072552598051"
"Agri-Foundation-145k","dual_none","2028","temperature_scaled","13","0.9039348928983315","0.8131655372700871","0.03557040046830343"
"Agri-Foundation-145k","dual_none","2028","temperature_scaled","14","0.9939392049828377","0.9880522253243554","0.8386763541200372"
"Agri-Foundation-145k","dual_none","2029","raw","0","0.18051913181115353","0.18181818181818182","0.0003787748355772873"
"Agri-Foundation-145k","dual_none","2029","raw","1","0.230734320068474","0.07692307692307693","0.00044764298750043043"
"Agri-Foundation-145k","dual_none","2029","raw","2","0.30297656032647735","0.16326530612244897","0.001687269722117007"
"Agri-Foundation-145k","dual_none","2029","raw","3","0.3646771520975843","0.1746031746031746","0.002169346785579009"
"Agri-Foundation-145k","dual_none","2029","raw","4","0.4379795216579847","0.24761904761904763","0.003615577975965015"
"Agri-Foundation-145k","dual_none","2029","raw","5","0.5030000332511919","0.36764705882352944","0.007024551496160601"
"Agri-Foundation-145k","dual_none","2029","raw","6","0.5661368300965282","0.4279475982532751","0.00788540339519989"
"Agri-Foundation-145k","dual_none","2029","raw","7","0.635276990433001","0.40611353711790393","0.00788540339519989"
"Agri-Foundation-145k","dual_none","2029","raw","8","0.6995770843680725","0.4864864864864865","0.008918425674047038"
"Agri-Foundation-145k","dual_none","2029","raw","9","0.76778959233996","0.42248062015503873","0.008883991598085466"
"Agri-Foundation-145k","dual_none","2029","raw","10","0.8353271403397282","0.4853801169590643","0.011776453978857477"
"Agri-Foundation-145k","dual_none","2029","raw","11","0.9044150072867909","0.547568710359408","0.016287317929823353"
"Agri-Foundation-145k","dual_none","2029","raw","12","0.9985048100928691","0.9629933596955905","0.9230398402258876"
"Agri-Foundation-145k","dual_none","2029","temperature_scaled","0","0.05832037746848428","0.0","0.000241038531731001"
"Agri-Foundation-145k","dual_none","2029","temperature_scaled","1","0.10536852037014068","0.19101123595505617","0.0030646327605798698"
"Agri-Foundation-145k","dual_none","2029","temperature_scaled","2","0.16787643893909543","0.20625","0.005509452153851451"
"Agri-Foundation-145k","dual_none","2029","temperature_scaled","3","0.23301196845217123","0.2655367231638418","0.0060948314451981685"
"Agri-Foundation-145k","dual_none","2029","temperature_scaled","4","0.30276664492147415","0.32456140350877194","0.007850969319238317"
"Agri-Foundation-145k","dual_none","2029","temperature_scaled","5","0.3687358898008982","0.4230769230769231","0.008057573775007747"
"Agri-Foundation-145k","dual_none","2029","temperature_scaled","6","0.4337821574734545","0.4570552147239264","0.011225508763472333"
"Agri-Foundation-145k","dual_none","2029","temperature_scaled","7","0.5003001215147584","0.518918918918919","0.012740608105781481"
"Agri-Foundation-145k","dual_none","2029","temperature_scaled","8","0.5651770919046245","0.531578947368421","0.013084948865397197"
"Agri-Foundation-145k","dual_none","2029","temperature_scaled","9","0.6312412267513308","0.5764075067024129","0.012843910333666195"
"Agri-Foundation-145k","dual_none","2029","temperature_scaled","10","0.7011551577518805","0.6223404255319149","0.012947212561550911"
"Agri-Foundation-145k","dual_none","2029","temperature_scaled","11","0.7665788022715132","0.6826086956521739","0.015839674942322923"
"Agri-Foundation-145k","dual_none","2029","temperature_scaled","12","0.8349235705501846","0.7200647249190939","0.021280258944251233"
"Agri-Foundation-145k","dual_none","2029","temperature_scaled","13","0.9043363227822976","0.8069679849340866","0.03656898867118901"
"Agri-Foundation-145k","dual_none","2029","temperature_scaled","14","0.9941157299555252","0.9887928538935528","0.8326503908267622"
"Agri-Foundation-145k","dual_none","2030","raw","0","0.10044904797676507","0.0","3.443407596157157e-05"
"Agri-Foundation-145k","dual_none","2030","raw","1","0.17201396705257088","0.0","0.00020660445576942943"
"Agri-Foundation-145k","dual_none","2030","raw","2","0.2361413619187827","0.15384615384615385","0.00044764298750043043"
"Agri-Foundation-145k","dual_none","2030","raw","3","0.30163948036442473","0.23684210526315788","0.0013084948865397198"
"Agri-Foundation-145k","dual_none","2030","raw","4","0.3682900720598319","0.23214285714285715","0.001928308253848008"
"Agri-Foundation-145k","dual_none","2030","raw","5","0.4396122319872151","0.25252525252525254","0.0034089735201955854"
"Agri-Foundation-145k","dual_none","2030","raw","6","0.5027927963306238","0.3314285714285714","0.0060259632932750246"
"Agri-Foundation-145k","dual_none","2030","raw","7","0.5662155236163195","0.32057416267942584","0.007196721875968458"
"Agri-Foundation-145k","dual_none","2030","raw","8","0.6354828895947635","0.3974358974358974","0.008057573775007747"
"Agri-Foundation-145k","dual_none","2030","raw","9","0.701251245599894","0.3564356435643564","0.006955683344237458"
"Agri-Foundation-145k","dual_none","2030","raw","10","0.7693891644559004","0.4314516129032258","0.00853965083846975"
"Agri-Foundation-145k","dual_none","2030","raw","11","0.8349636470560549","0.46153846153846156","0.008952859750008608"
"Agri-Foundation-145k","dual_none","2030","raw","12","0.9034617626420701","0.5518763796909493","0.015598636410591922"
"Agri-Foundation-145k","dual_none","2030","raw","13","0.9986551834451163","0.9610677709172921","0.9313384525326263"
"Agri-Foundation-145k","dual_none","2030","temperature_scaled","0","0.054565730242934825","0.0","0.00041320891153885886"
"Agri-Foundation-145k","dual_none","2030","temperature_scaled","1","0.10614105629988901","0.2235294117647059","0.0029268964567335837"
"Agri-Foundation-145k","dual_none","2030","temperature_scaled","2","0.16551253746256842","0.18857142857142858","0.0060259632932750246"
"Agri-Foundation-145k","dual_none","2030","temperature_scaled","3","0.23244842463983992","0.27","0.006886815192314314"
"Agri-Foundation-145k","dual_none","2030","temperature_scaled","4","0.29973535820190184","0.3592233009708738","0.007093419648083744"
"Agri-Foundation-145k","dual_none","2030","temperature_scaled","5","0.3673904232151363","0.384","0.008608518990392893"
"Agri-Foundation-145k","dual_none","2030","temperature_scaled","6","0.4346165810815904","0.41694915254237286","0.010158052408663614"
"Agri-Foundation-145k","dual_none","2030","temperature_scaled","7","0.5013993556715406","0.5015197568389058","0.011328810991357047"
"Agri-Foundation-145k","dual_none","2030","temperature_scaled","8","0.5673264618867094","0.5384615384615384","0.01163871767501119"
"Agri-Foundation-145k","dual_none","2030","temperature_scaled","9","0.6331694199980897","0.5525525525525525","0.011466547295203333"
"Agri-Foundation-145k","dual_none","2030","temperature_scaled","10","0.6993690099061347","0.574025974025974","0.013257119245205055"
"Agri-Foundation-145k","dual_none","2030","temperature_scaled","11","0.7679485072127051","0.6786570743405276","0.014359009675975346"
"Agri-Foundation-145k","dual_none","2030","temperature_scaled","12","0.8361243189109023","0.7060755336617406","0.020970352260597087"
"Agri-Foundation-145k","dual_none","2030","temperature_scaled","13","0.9034750005135733","0.8094701240135288","0.030543025377913983"
"Agri-Foundation-145k","dual_none","2030","temperature_scaled","14","0.9940397309871092","0.9880913539967373","0.8443235425777349"
